id;student_id;teacher_id;date;subject;status;created_at;notes;class_id;type
00c29d05-c786-435c-a83d-4d6a32b276d0;5267c206-fd30-4520-9717-0ffd745936ce;1ebde390-aa49-41c1-bd3c-665f1662e80a;2025-09-20;BAHASA INGGRIS;Hadir;2025-09-20 08:11:48.426557+00;;7B;mapel
0119083e-18d8-4bb4-be20-66cce0ab4f73;2d00230e-228c-45e5-8605-e923c7eb61d4;1ebde390-aa49-41c1-bd3c-665f1662e80a;2025-09-20;BAHASA INGGRIS;Hadir;2025-09-20 08:13:12.598839+00;;7E;mapel
0132363f-acee-4499-ab3b-4b129be490f9;4139faf6-14a4-4744-88f2-f0c2c900e6aa;1ebde390-aa49-41c1-bd3c-665f1662e80a;2025-09-20;Harian;Hadir;2025-09-20 08:14:06.743536+00;;7F;harian
01c11c9a-f748-456a-b5d6-6d025e3ae0a7;cbd1dac6-5a1a-4b51-9d2e-2837c5dbe37f;1ebde390-aa49-41c1-bd3c-665f1662e80a;2025-09-20;Harian;Hadir;2025-09-20 08:15:01.838458+00;;7F;harian
062d0d7b-ce56-46e8-9f20-6a69fbe889c4;c7983f8f-0b84-48c7-9b9a-556f30fcfa75;1ebde390-aa49-41c1-bd3c-665f1662e80a;2025-09-20;BAHASA INGGRIS;Hadir;2025-09-20 08:13:12.675739+00;;7E;mapel
0646de84-748f-421e-b0d3-d24844c4390c;9e1cc296-14a7-470b-ba2a-7a43472ea390;1ebde390-aa49-41c1-bd3c-665f1662e80a;2025-09-20;BAHASA INGGRIS;Hadir;2025-09-20 08:12:59.724742+00;;7D;mapel
06529a33-99b5-4492-94a6-23812c25123c;6fad00c8-331a-4d5d-bd64-1f187b734e2d;1ebde390-aa49-41c1-bd3c-665f1662e80a;2025-09-20;BAHASA INGGRIS;Hadir;2025-09-20 08:11:49.133301+00;;7B;mapel
06851ff7-bcf5-47fe-8c68-266b7cd23cb7;7793fc9e-afb6-4f89-9ca3-28c077c5482d;1ebde390-aa49-41c1-bd3c-665f1662e80a;2025-09-20;BAHASA INGGRIS;Hadir;2025-09-20 08:11:48.92048+00;;7B;mapel
08552d72-7428-45d3-ac79-72abbd211b70;af6c35fb-6bb2-45af-96ed-668ae9a43ded;bf881eef-91c7-4ac3-b99d-cd62d2e9df4a;2025-09-20;Harian;Hadir;2025-09-20 08:16:09.047038+00;;9E;harian
08d3d448-b987-45f7-b190-633f536dd088;4139faf6-14a4-4744-88f2-f0c2c900e6aa;1ebde390-aa49-41c1-bd3c-665f1662e80a;2025-09-20;Harian;Hadir;2025-09-20 08:15:02.087393+00;;7F;harian
09f8163c-14a8-4b82-a89b-4e3a6b702e64;655f1774-992b-4e5b-af05-29625fd22e3e;1ebde390-aa49-41c1-bd3c-665f1662e80a;2025-09-20;Harian;Hadir;2025-09-20 08:15:01.664294+00;;7F;harian
0acb6697-d5e0-4167-a7fc-d2be3e54792d;182e22b7-d1b8-49bb-a046-f4f9e2b094f3;1ebde390-aa49-41c1-bd3c-665f1662e80a;2025-09-20;BAHASA INGGRIS;Hadir;2025-09-20 08:11:34.241135+00;;7A;mapel
0affefb0-421e-4534-b075-f54f9c719c4f;23066941-dcb3-4c80-a1f6-a9d9c7504923;1ebde390-aa49-41c1-bd3c-665f1662e80a;2025-09-20;Harian;Hadir;2025-09-20 08:14:06.839365+00;;7F;harian
0c97bcca-87fe-4c04-813e-995896ecdd1a;4625dbb8-0ef5-4610-9525-a9524909018e;1ebde390-aa49-41c1-bd3c-665f1662e80a;2025-09-20;BAHASA INGGRIS;Hadir;2025-09-20 08:12:03.075113+00;;7C;mapel
0d0cc29a-191e-4fb2-960b-a1a5e86874ae;e2587cc8-cb93-49fa-8bb3-0e7dd2a43b96;1ebde390-aa49-41c1-bd3c-665f1662e80a;2025-09-20;BAHASA INGGRIS;Hadir;2025-09-20 08:12:03.237836+00;;7C;mapel
0d6d6ff4-a354-4073-9e02-c78c87385f4c;97d05b05-6d41-4d1c-a3d0-570dd2d7cd9f;1ebde390-aa49-41c1-bd3c-665f1662e80a;2025-09-20;BAHASA INGGRIS;Hadir;2025-09-20 08:12:59.805086+00;;7D;mapel
0e26fe53-f7f3-46d3-a449-f070b5f4af9b;557b5323-ae05-452b-a9d3-9df30392ddcb;1ebde390-aa49-41c1-bd3c-665f1662e80a;2025-09-20;BAHASA INGGRIS;Hadir;2025-09-20 08:13:24.879363+00;;7F;mapel
0e8c556b-b493-4317-af15-cd3290e4e72e;1efb3425-b051-46a4-9931-9e403e72ab39;1ebde390-aa49-41c1-bd3c-665f1662e80a;2025-09-20;BAHASA INGGRIS;Hadir;2025-09-20 08:11:34.739499+00;;7A;mapel
0e9721d2-7845-456d-aa2b-13d7c72b51e5;44830e88-6098-4daa-9ca2-1236c7836fc2;1ebde390-aa49-41c1-bd3c-665f1662e80a;2025-09-20;Harian;Hadir;2025-09-20 08:14:06.531518+00;;7F;harian
0ed681cf-a0c1-484f-a92f-220856ae4644;793efb07-5081-479e-abf0-2b89bcd3efa6;935ef948-5f83-413b-85f5-ca6c7bb5119d;2025-09-20;PENDIDIKAN AGAMA ISLAM;Hadir;2025-09-20 08:16:33.938849+00;;7D;mapel
0f2b1a03-51e1-43e9-87f2-db984741ff22;1f9fee4e-6b8f-40d8-a5c8-868ac009c188;1ebde390-aa49-41c1-bd3c-665f1662e80a;2025-09-20;BAHASA INGGRIS;Hadir;2025-09-20 08:11:49.133301+00;;7B;mapel
0f911d6d-916c-4699-98be-43634c7f6858;2a32b7f3-6d8a-464e-adba-72b9df26917a;1ebde390-aa49-41c1-bd3c-665f1662e80a;2025-09-20;BAHASA INGGRIS;Hadir;2025-09-20 08:12:59.805086+00;;7D;mapel
0fe31864-919c-41e7-9c76-b50351c8399b;f27ecfd1-4682-463a-8a2a-baf15473a7f0;bf881eef-91c7-4ac3-b99d-cd62d2e9df4a;2025-09-20;Harian;Hadir;2025-09-20 08:16:09.219007+00;;9E;harian
12004941-2df7-4ff2-92e3-b7e1bdd1e2e9;146d4ba3-2dfb-4383-bace-e9da458b93aa;1ebde390-aa49-41c1-bd3c-665f1662e80a;2025-09-20;Harian;Hadir;2025-09-20 08:15:01.761992+00;;7F;harian
121064fc-119b-4ae0-a2a4-ab48b7009c56;cf70bb84-3f9d-4a5d-92f2-d81673f2d660;1ebde390-aa49-41c1-bd3c-665f1662e80a;2025-09-20;BAHASA INGGRIS;Hadir;2025-09-20 08:11:48.426557+00;;7B;mapel
12f1f1a3-78da-47a4-b95b-b67dc6ff434e;70dff17a-cdff-4de5-bcf6-739f33b57ff2;1ebde390-aa49-41c1-bd3c-665f1662e80a;2025-09-20;BAHASA INGGRIS;Hadir;2025-09-20 08:13:25.041364+00;;7F;mapel
1331bc97-8dd0-4f47-a28c-44129b688fea;4b1ab513-b5f1-4a0b-916d-4f5c9527fb24;1ebde390-aa49-41c1-bd3c-665f1662e80a;2025-09-20;BAHASA INGGRIS;Hadir;2025-09-20 08:12:02.966016+00;;7C;mapel
13a5c179-6ee5-4e4b-aba5-5050b1c48e65;ba73ba56-5218-4763-a4b1-36d53a4d1b7a;1ebde390-aa49-41c1-bd3c-665f1662e80a;2025-09-20;Harian;Hadir;2025-09-20 08:15:01.920583+00;;7F;harian
13c67403-b486-4413-8afb-3b019d719e91;c7201bf2-ffc1-48e5-826d-09e916616b20;1ebde390-aa49-41c1-bd3c-665f1662e80a;2025-09-20;BAHASA INGGRIS;Hadir;2025-09-20 08:11:33.965763+00;;7A;mapel
13e2ac2b-2d11-47ca-b795-41bea217080d;aade27dd-ac84-421d-a2e9-dbf5522679a8;1ebde390-aa49-41c1-bd3c-665f1662e80a;2025-09-20;BAHASA INGGRIS;Hadir;2025-09-20 08:11:34.739499+00;;7A;mapel
1400bb20-9573-4563-9bb2-0e0aa484b1ec;733522ca-a049-4321-b587-cfebd951ae35;1ebde390-aa49-41c1-bd3c-665f1662e80a;2025-09-20;BAHASA INGGRIS;Hadir;2025-09-20 08:11:34.926496+00;;7A;mapel
165cd34e-825b-4ced-8128-a2bcac796fd6;2cf7b6e8-dd4e-4102-a0da-45f926c93d18;1ebde390-aa49-41c1-bd3c-665f1662e80a;2025-09-20;BAHASA INGGRIS;Hadir;2025-09-20 08:12:59.643689+00;;7D;mapel
16eab3bc-c3a1-4634-ba9b-3ec6a17f955d;8ef8823e-7774-402b-8483-6c2f00145d8e;1ebde390-aa49-41c1-bd3c-665f1662e80a;2025-09-20;BAHASA INGGRIS;Hadir;2025-09-20 08:12:59.169922+00;;7D;mapel
17a9c1fc-a8b7-4647-abcd-ba33f9f9d680;420ed437-dea5-46e7-8616-a8452aff38f7;1ebde390-aa49-41c1-bd3c-665f1662e80a;2025-09-20;BAHASA INGGRIS;Hadir;2025-09-20 08:11:49.262872+00;;7B;mapel
186ebd32-c0bb-4d83-81c4-ae55cad0d903;900c6c5f-57c0-4c4a-ab89-3f0bcb07118a;1ebde390-aa49-41c1-bd3c-665f1662e80a;2025-09-20;BAHASA INGGRIS;Hadir;2025-09-20 08:12:59.169922+00;;7D;mapel
18ce1f70-51c0-49cd-b816-0ca6f006b73c;0a033c10-4855-4e9e-bb62-70c334bc95ad;1ebde390-aa49-41c1-bd3c-665f1662e80a;2025-09-20;Harian;Hadir;2025-09-20 08:15:02.001398+00;;7F;harian
1929dab8-3ec9-4e22-8856-861bd23adb8b;ea96f264-15d8-47af-8024-2812fadc85f6;1ebde390-aa49-41c1-bd3c-665f1662e80a;2025-09-20;BAHASA INGGRIS;Hadir;2025-09-20 08:11:48.92048+00;;7B;mapel
19fcf004-ea1c-44c6-9c24-e863d634a9e7;9a97dcd1-f915-4147-b809-65a6a4176724;1ebde390-aa49-41c1-bd3c-665f1662e80a;2025-09-20;BAHASA INGGRIS;Hadir;2025-09-20 08:13:12.519754+00;;7E;mapel
1a1e4e0b-665d-45cb-a109-8ac592ece21c;f713124b-045d-4989-8c92-69b34c4e9691;1ebde390-aa49-41c1-bd3c-665f1662e80a;2025-09-20;BAHASA INGGRIS;Hadir;2025-09-20 08:12:59.371253+00;;7D;mapel
1a5d6fda-7759-4506-ad1e-180e698f826b;7b9e54b7-40f2-4899-a678-f8365842c352;1ebde390-aa49-41c1-bd3c-665f1662e80a;2025-09-20;BAHASA INGGRIS;Hadir;2025-09-20 08:12:59.805086+00;;7D;mapel
1ae73594-c539-4b95-b742-db6aecaddbde;0070520e-5512-4758-a7d5-c06dc30dcae5;1ebde390-aa49-41c1-bd3c-665f1662e80a;2025-09-20;BAHASA INGGRIS;Hadir;2025-09-20 08:13:12.675739+00;;7E;mapel
1b29d8c4-93b9-4bf9-947e-6e2865786ea8;a6f13e17-5974-4d24-b0bb-00301dc13497;935ef948-5f83-413b-85f5-ca6c7bb5119d;2025-09-20;PENDIDIKAN AGAMA ISLAM;Hadir;2025-09-20 08:16:33.938849+00;;7D;mapel
1b669a67-f5df-4cc0-b46d-0fdeb4673461;095ec65c-ee10-4dab-874e-b088bedfe175;1ebde390-aa49-41c1-bd3c-665f1662e80a;2025-09-20;Harian;Hadir;2025-09-20 08:14:06.839365+00;;7F;harian
1c9718d2-3667-4ff0-ab6b-d46ec21ae3cd;7f475860-8873-4549-bc79-cb1d9563fda3;1ebde390-aa49-41c1-bd3c-665f1662e80a;2025-09-20;BAHASA INGGRIS;Hadir;2025-09-20 08:11:34.092782+00;;7A;mapel
1cf3c9dd-825e-4de1-894c-1a19ba6b529c;c55b83de-2944-4d2b-8de9-a73d5dc1b81b;bf881eef-91c7-4ac3-b99d-cd62d2e9df4a;2025-09-20;Harian;Hadir;2025-09-20 08:16:08.870352+00;;9E;harian
1e5840a0-7d17-4c54-8c27-605520d4fe10;25aae11e-1965-44d4-89c3-1531b8908029;1ebde390-aa49-41c1-bd3c-665f1662e80a;2025-09-20;BAHASA INGGRIS;Hadir;2025-09-20 08:11:34.739499+00;;7A;mapel
1ed013c3-8dfb-4c3c-962b-136542da1a6f;655f1774-992b-4e5b-af05-29625fd22e3e;1ebde390-aa49-41c1-bd3c-665f1662e80a;2025-09-20;BAHASA INGGRIS;Hadir;2025-09-20 08:13:24.879363+00;;7F;mapel
2032d6d3-33da-46cd-a673-5aa556ff7d17;ad726e5d-06f8-40a5-afe0-93a6f23a7f27;bf881eef-91c7-4ac3-b99d-cd62d2e9df4a;2025-09-20;Harian;Hadir;2025-09-20 08:16:08.966221+00;;9E;harian
203e6a37-4013-4629-80a9-b2ebc9512fbf;56ec4b27-8bdb-4b67-b640-47620d6a5c04;1ebde390-aa49-41c1-bd3c-665f1662e80a;2025-09-20;BAHASA INGGRIS;Hadir;2025-09-20 08:11:49.133301+00;;7B;mapel
20c0d629-54f3-49aa-9dae-5393d90b8058;ffd3dc0b-a9ed-4975-b0bc-9a95724f31f8;1ebde390-aa49-41c1-bd3c-665f1662e80a;2025-09-20;Harian;Hadir;2025-09-20 08:15:01.761992+00;;7F;harian
24c26943-9b61-46be-b514-f6cc210fe1e0;d1310281-715d-4cfd-9405-86a6cdf15b0f;935ef948-5f83-413b-85f5-ca6c7bb5119d;2025-09-20;PENDIDIKAN AGAMA ISLAM;Hadir;2025-09-20 08:16:33.938849+00;;7D;mapel
251b70e4-f494-439e-959b-6fa3a372eb90;ffd3dc0b-a9ed-4975-b0bc-9a95724f31f8;1ebde390-aa49-41c1-bd3c-665f1662e80a;2025-09-20;Harian;Hadir;2025-09-20 08:14:06.315818+00;;7F;harian
25657406-6203-4241-8cee-98896805c4ce;0e39880f-b7d0-4abf-981f-972cd0fcbb19;935ef948-5f83-413b-85f5-ca6c7bb5119d;2025-09-20;PENDIDIKAN AGAMA ISLAM;Hadir;2025-09-20 08:16:33.841635+00;;7D;mapel
2596e013-731d-4f68-bdbb-7db5253132ac;963ca7e1-b151-4457-b3df-3ba584ddd209;1ebde390-aa49-41c1-bd3c-665f1662e80a;2025-09-20;BAHASA INGGRIS;Hadir;2025-09-20 08:11:34.092782+00;;7A;mapel
2646e80c-79a7-43b0-b8c5-fb58615a467e;bd32c119-1efb-4a02-afa5-b3c329a38d6d;1ebde390-aa49-41c1-bd3c-665f1662e80a;2025-09-20;BAHASA INGGRIS;Hadir;2025-09-20 08:13:12.675739+00;;7E;mapel
26967d8b-e25e-468a-b9c3-0b07bea82e53;96b45b89-8400-4d54-81f4-a95f41abdccd;1ebde390-aa49-41c1-bd3c-665f1662e80a;2025-09-20;BAHASA INGGRIS;Hadir;2025-09-20 08:13:12.441863+00;;7E;mapel
26ae9bb6-aaa0-4079-9c95-9919b2ebcae1;de57f035-c2cf-4db3-b91e-844bb61078f0;1ebde390-aa49-41c1-bd3c-665f1662e80a;2025-09-20;BAHASA INGGRIS;Hadir;2025-09-20 08:13:24.962144+00;;7F;mapel
26e99fd2-24e3-4aaa-9c3a-53ab368092d9;2e909125-447b-4ef2-aa0a-cd7500cf9b34;1ebde390-aa49-41c1-bd3c-665f1662e80a;2025-09-20;BAHASA INGGRIS;Hadir;2025-09-20 08:12:03.237836+00;;7C;mapel
26fa4a14-948f-48d4-ac9e-4b6e17c1b220;49eae468-d698-4169-b7c8-b1143e4ba4d1;1ebde390-aa49-41c1-bd3c-665f1662e80a;2025-09-20;BAHASA INGGRIS;Hadir;2025-09-20 08:12:59.279071+00;;7D;mapel
27244c7d-96b4-4104-9847-fa2852d41eac;5bd9c15f-b3c9-4185-b5f8-bd9045ab7b14;bf881eef-91c7-4ac3-b99d-cd62d2e9df4a;2025-09-20;Harian;Hadir;2025-09-20 08:16:08.966221+00;;9E;harian
2847a6fa-3bdf-4a5c-b087-10881d69bf22;300e2286-0fc1-40d7-8c15-5a8f96e2432e;935ef948-5f83-413b-85f5-ca6c7bb5119d;2025-09-20;PENDIDIKAN AGAMA ISLAM;Hadir;2025-09-20 08:16:34.304827+00;;7D;mapel
285d9b6a-29a3-4de9-9e2e-369a960325c5;54134929-3e30-4036-8c37-59d1435453fb;1ebde390-aa49-41c1-bd3c-665f1662e80a;2025-09-20;BAHASA INGGRIS;Hadir;2025-09-20 08:11:49.133301+00;;7B;mapel
2935348e-141f-41c8-9223-19e6d845ad9b;99f22fed-f868-4e0a-9a77-35541f87ba10;1ebde390-aa49-41c1-bd3c-665f1662e80a;2025-09-20;BAHASA INGGRIS;Hadir;2025-09-20 08:11:48.61222+00;;7B;mapel
29404728-4c2c-4c67-9c3f-36f58de8b757;1131532a-0d78-4da9-81ed-a2ccd0c446e5;1ebde390-aa49-41c1-bd3c-665f1662e80a;2025-09-20;BAHASA INGGRIS;Hadir;2025-09-20 08:13:25.2209+00;;7F;mapel
29abf2ef-36d0-4731-bf89-6518aa415b67;d8cbe0c3-b598-483d-93f6-2e2449417e0b;bf881eef-91c7-4ac3-b99d-cd62d2e9df4a;2025-09-20;Harian;Hadir;2025-09-20 08:16:08.785517+00;;9E;harian
2a478f7f-f4a8-4454-8d29-0cef8554d81c;7209af17-c006-49cd-9bae-90fd6605027e;bf881eef-91c7-4ac3-b99d-cd62d2e9df4a;2025-09-20;Harian;Hadir;2025-09-20 08:16:08.966221+00;;9E;harian
2a9fc627-8a41-4472-9bfc-0ce878103866;1e2072c5-81b0-4f0d-ae46-177d68e3842d;1ebde390-aa49-41c1-bd3c-665f1662e80a;2025-09-20;BAHASA INGGRIS;Hadir;2025-09-20 08:11:34.367058+00;;7A;mapel
2ada30fe-3950-47ec-ba81-f596494a4bf7;92e707ed-991c-4c6f-bdef-8952a34134e4;1ebde390-aa49-41c1-bd3c-665f1662e80a;2025-09-20;Harian;Hadir;2025-09-20 08:15:01.761992+00;;7F;harian
2b64bf07-417a-456e-8d02-756e00af915c;92de5566-d6ba-43bc-8c5c-3ac9614ebe93;1ebde390-aa49-41c1-bd3c-665f1662e80a;2025-09-20;BAHASA INGGRIS;Hadir;2025-09-20 08:11:48.733916+00;;7B;mapel
2b9f381e-0e81-4984-88a2-b483c4a38d8e;290b2d1d-7edf-4835-a72a-3fccabda0e41;1ebde390-aa49-41c1-bd3c-665f1662e80a;2025-09-20;BAHASA INGGRIS;Hadir;2025-09-20 08:12:03.569741+00;;7C;mapel
2bb0b3b7-2187-44d3-8c86-cea04d17244f;9ea08650-af93-4dc4-a057-dddd4e25ceee;1ebde390-aa49-41c1-bd3c-665f1662e80a;2025-09-20;BAHASA INGGRIS;Hadir;2025-09-20 08:12:03.569741+00;;7C;mapel
2bc2721e-b7f3-4967-a685-b257cacd648e;23e36fc1-26fc-46ce-a186-6b65705b7b7d;1ebde390-aa49-41c1-bd3c-665f1662e80a;2025-09-20;BAHASA INGGRIS;Hadir;2025-09-20 08:13:24.793675+00;;7F;mapel
2d9524c8-85db-4779-a40e-9c2e9d33fdba;36a54eac-2172-4cd4-bbab-867cb8abb2a8;1ebde390-aa49-41c1-bd3c-665f1662e80a;2025-09-20;BAHASA INGGRIS;Hadir;2025-09-20 08:12:03.075113+00;;7C;mapel
2f0832d6-67d6-473b-80bf-7588e1006ba1;de57f035-c2cf-4db3-b91e-844bb61078f0;1ebde390-aa49-41c1-bd3c-665f1662e80a;2025-09-20;Harian;Hadir;2025-09-20 08:14:06.315818+00;;7F;harian
2fc19d5a-36c3-4ac6-9c51-243c8eb0f306;3c4fa1ac-11e7-4e79-bdda-fc3888259d3e;1ebde390-aa49-41c1-bd3c-665f1662e80a;2025-09-20;BAHASA INGGRIS;Hadir;2025-09-20 08:13:12.441863+00;;7E;mapel
2fea2fa3-b0da-4a43-8b33-e62f64fd053a;cbd1dac6-5a1a-4b51-9d2e-2837c5dbe37f;1ebde390-aa49-41c1-bd3c-665f1662e80a;2025-09-20;BAHASA INGGRIS;Hadir;2025-09-20 08:13:25.041364+00;;7F;mapel
300c89d6-a1f9-415f-b4c2-9fcb53a5471f;f5806b38-a207-4b54-ab38-708b1f6914b8;1ebde390-aa49-41c1-bd3c-665f1662e80a;2025-09-20;BAHASA INGGRIS;Hadir;2025-09-20 08:11:34.241135+00;;7A;mapel
30d0eeb8-5e27-41a3-98cc-94b93c817ca2;2f6f4b7b-aada-40a4-9f51-bf423b885bbc;1ebde390-aa49-41c1-bd3c-665f1662e80a;2025-09-20;BAHASA INGGRIS;Hadir;2025-09-20 08:12:03.569741+00;;7C;mapel
31d0b328-07cf-4f04-ab56-f5e216b35025;3eeb6bd3-9647-4f9c-bc38-8dca78c32880;1ebde390-aa49-41c1-bd3c-665f1662e80a;2025-09-20;BAHASA INGGRIS;Hadir;2025-09-20 08:13:12.519754+00;;7E;mapel
32c642aa-69d5-40ad-95bf-cde621accbcd;1d5862ff-3e7a-4a39-bc3d-18e2de3b0b02;1ebde390-aa49-41c1-bd3c-665f1662e80a;2025-09-20;BAHASA INGGRIS;Hadir;2025-09-20 08:13:25.2209+00;;7F;mapel
335352a9-72e1-4c25-b849-41f20cd3d1e7;e42ff997-99e8-424b-b054-99a17289db0d;bf881eef-91c7-4ac3-b99d-cd62d2e9df4a;2025-09-20;Harian;Hadir;2025-09-20 08:16:08.785517+00;;9E;harian
33f3e7d7-ae1d-4fb2-8994-0c37a0316e78;714d78e4-cd97-4e78-8d32-ed5c84456369;bf881eef-91c7-4ac3-b99d-cd62d2e9df4a;2025-09-20;Harian;Hadir;2025-09-20 08:16:09.047038+00;;9E;harian
348e9a86-1351-429c-9ca2-3f0bff74d9c9;d0fb50bc-dbf7-4cbc-92a2-716910ab5429;1ebde390-aa49-41c1-bd3c-665f1662e80a;2025-09-20;BAHASA INGGRIS;Hadir;2025-09-20 08:11:34.092782+00;;7A;mapel
3525c003-6782-4e16-bca9-6139d8a42f37;ccffcd11-d237-4190-847e-566e0328c3be;935ef948-5f83-413b-85f5-ca6c7bb5119d;2025-09-20;PENDIDIKAN AGAMA ISLAM;Hadir;2025-09-20 08:16:34.304827+00;;7D;mapel
35bd6bdc-1ada-4fb7-a148-c29c89ea8d7b;836c4153-31a6-477e-b747-7a718389e07d;1ebde390-aa49-41c1-bd3c-665f1662e80a;2025-09-20;Harian;Hadir;2025-09-20 08:15:02.001398+00;;7F;harian
3723e0d0-9607-4e7b-baa3-8317d8e43fad;d762900b-51a5-4885-8187-dcf59c656c10;1ebde390-aa49-41c1-bd3c-665f1662e80a;2025-09-20;BAHASA INGGRIS;Hadir;2025-09-20 08:11:48.61222+00;;7B;mapel
37d74a7b-5e71-4dc4-8237-57a38d8dd58d;4b1d5abc-d991-4171-9529-033ae38ada1e;1ebde390-aa49-41c1-bd3c-665f1662e80a;2025-09-20;BAHASA INGGRIS;Hadir;2025-09-20 08:13:12.917897+00;;7E;mapel
3816ec4a-d31f-48b0-ba8c-a95f3702f637;52b8ec03-52fd-43ff-9a50-af84c4646605;1ebde390-aa49-41c1-bd3c-665f1662e80a;2025-09-20;BAHASA INGGRIS;Hadir;2025-09-20 08:12:59.457812+00;;7D;mapel
3848372f-0571-4bd1-9b6a-0ea43cad8a17;836c4153-31a6-477e-b747-7a718389e07d;1ebde390-aa49-41c1-bd3c-665f1662e80a;2025-09-20;BAHASA INGGRIS;Hadir;2025-09-20 08:13:25.2209+00;;7F;mapel
39290b84-bd7f-42c1-b95a-daf652fe04a7;1ba2d0fe-b008-4b00-9deb-133878f86890;1ebde390-aa49-41c1-bd3c-665f1662e80a;2025-09-20;BAHASA INGGRIS;Hadir;2025-09-20 08:13:24.879363+00;;7F;mapel
39bb8577-5ba8-4d81-9efb-40c15bbc603b;04b52869-cb1d-48d8-a711-b44d71d9c0f0;1ebde390-aa49-41c1-bd3c-665f1662e80a;2025-09-20;BAHASA INGGRIS;Hadir;2025-09-20 08:13:25.394194+00;;7F;mapel
39e95e90-eeef-4790-be00-d7c57136dc1c;416a853e-a372-474a-91c6-87b63d14bac5;1ebde390-aa49-41c1-bd3c-665f1662e80a;2025-09-20;Harian;Hadir;2025-09-20 08:15:02.168479+00;;7F;harian
3a175bcb-d5e9-4cfb-86bb-1ee271f94d13;de57f035-c2cf-4db3-b91e-844bb61078f0;1ebde390-aa49-41c1-bd3c-665f1662e80a;2025-09-20;Harian;Hadir;2025-09-20 08:15:01.761992+00;;7F;harian
3dab44be-3487-4978-bab8-0ebeee1a17aa;f7aad9ea-2400-4776-896d-059e15333b8c;1ebde390-aa49-41c1-bd3c-665f1662e80a;2025-09-20;BAHASA INGGRIS;Hadir;2025-09-20 08:12:59.457812+00;;7D;mapel
3e8361d7-4804-4b95-8bf6-edd231c9b8e9;b21005e3-bc61-4ab4-ab79-eb443173553e;1ebde390-aa49-41c1-bd3c-665f1662e80a;2025-09-20;BAHASA INGGRIS;Hadir;2025-09-20 08:13:12.598839+00;;7E;mapel
3e898cea-29d8-47b9-9a1d-3c0da258b63c;21f6ca63-b403-4abb-a12b-65ef6eb92dba;1ebde390-aa49-41c1-bd3c-665f1662e80a;2025-09-20;BAHASA INGGRIS;Hadir;2025-09-20 08:12:02.714236+00;;7C;mapel
3f03177a-a95c-4c6b-b199-df23316d647a;7566ae6a-ead1-4337-9ad2-e8b649968096;1ebde390-aa49-41c1-bd3c-665f1662e80a;2025-09-20;BAHASA INGGRIS;Hadir;2025-09-20 08:12:02.966016+00;;7C;mapel
3f67d951-a401-44b8-a697-cee5c0d3f34b;49269331-0a34-4231-a4ff-c6ff811cdf91;1ebde390-aa49-41c1-bd3c-665f1662e80a;2025-09-20;BAHASA INGGRIS;Hadir;2025-09-20 08:12:02.835039+00;;7C;mapel
3f74fa0c-7bab-489a-9fa7-29170ea24c35;ed6e5855-649d-4153-b084-e5017a463834;1ebde390-aa49-41c1-bd3c-665f1662e80a;2025-09-20;BAHASA INGGRIS;Hadir;2025-09-20 08:11:49.025027+00;;7B;mapel
3f97c7dc-fa77-40bf-8a9a-c6f36e40261d;87acce7b-c7e1-478d-9995-4b95a9586ecf;1ebde390-aa49-41c1-bd3c-665f1662e80a;2025-09-20;BAHASA INGGRIS;Hadir;2025-09-20 08:12:59.169922+00;;7D;mapel
3fb35166-89b3-49de-ab51-ca6da04c6489;f713124b-045d-4989-8c92-69b34c4e9691;935ef948-5f83-413b-85f5-ca6c7bb5119d;2025-09-20;PENDIDIKAN AGAMA ISLAM;Hadir;2025-09-20 08:16:33.938849+00;;7D;mapel
3fc60a43-099d-48c6-bfa2-2cfe7743e41f;c518b462-82bf-4014-a589-03f2ce757bd5;1ebde390-aa49-41c1-bd3c-665f1662e80a;2025-09-20;Harian;Hadir;2025-09-20 08:15:01.592068+00;;7F;harian
431ca647-bdde-470b-a4af-8ef226f7ff55;e97c63f9-6a9e-4b21-9ffc-88f4bfd95bf3;1ebde390-aa49-41c1-bd3c-665f1662e80a;2025-09-20;BAHASA INGGRIS;Hadir;2025-09-20 08:13:24.793675+00;;7F;mapel
44763a41-5e20-4be4-a3cf-e71c4a2fc442;c66ae316-66b8-43e3-8321-3c0bf6aa6828;1ebde390-aa49-41c1-bd3c-665f1662e80a;2025-09-20;BAHASA INGGRIS;Hadir;2025-09-20 08:13:25.041364+00;;7F;mapel
44b770e4-530d-4a1d-b53d-1e2208ef953f;52b8ec03-52fd-43ff-9a50-af84c4646605;935ef948-5f83-413b-85f5-ca6c7bb5119d;2025-09-20;PENDIDIKAN AGAMA ISLAM;Hadir;2025-09-20 08:16:34.031527+00;;7D;mapel
4554695b-5939-4916-8d64-6b39792ddf08;078d8b6e-5c9b-4f19-bb91-5baad638f28f;1ebde390-aa49-41c1-bd3c-665f1662e80a;2025-09-20;BAHASA INGGRIS;Hadir;2025-09-20 08:11:48.836958+00;;7B;mapel
459225fe-3782-4c54-b6dc-602823fb7ec3;199d8396-98a1-4654-ade7-b1a3e3b90c23;1ebde390-aa49-41c1-bd3c-665f1662e80a;2025-09-20;BAHASA INGGRIS;Hadir;2025-09-20 08:12:02.966016+00;;7C;mapel
46c80d5a-525a-4ac4-adaf-0d0722b18816;45156644-9ae6-4b79-ba05-1e25b3edae60;1ebde390-aa49-41c1-bd3c-665f1662e80a;2025-09-20;BAHASA INGGRIS;Hadir;2025-09-20 08:12:03.468298+00;;7C;mapel
46cea067-808b-4b2e-bd8a-721b95f6bfd2;77550b0f-4d4b-4b13-97c2-a5ef8188e167;1ebde390-aa49-41c1-bd3c-665f1662e80a;2025-09-20;BAHASA INGGRIS;Hadir;2025-09-20 08:12:03.569741+00;;7C;mapel
4741b5ef-0160-4bbf-8eba-2b4e0be8204b;70b3d24e-a50b-4ba6-a3c4-2f55eb163a27;1ebde390-aa49-41c1-bd3c-665f1662e80a;2025-09-20;BAHASA INGGRIS;Hadir;2025-09-20 08:12:59.643689+00;;7D;mapel
48239826-1585-481a-bf78-f174e5ad7ee8;1be1e036-5ce6-48bd-9553-24638c90dbe1;bf881eef-91c7-4ac3-b99d-cd62d2e9df4a;2025-09-20;Harian;Hadir;2025-09-20 08:16:08.870352+00;;9E;harian
483d5c81-4c0f-4702-9be3-8e4486c22038;deb4686e-b06b-44ad-a083-6382d11dbddc;1ebde390-aa49-41c1-bd3c-665f1662e80a;2025-09-20;BAHASA INGGRIS;Hadir;2025-09-20 08:12:02.835039+00;;7C;mapel
4887b932-12b1-460f-80fe-02f755fba029;f6cde61d-ce47-49df-82fc-2e31fda6e8d5;1ebde390-aa49-41c1-bd3c-665f1662e80a;2025-09-20;Harian;Hadir;2025-09-20 08:15:01.920583+00;;7F;harian
48be37a5-65cf-4e64-a423-b71f3931ee41;0f3ab348-cc1c-4705-8f43-8c516d1503bc;1ebde390-aa49-41c1-bd3c-665f1662e80a;2025-09-20;Harian;Hadir;2025-09-20 08:15:02.087393+00;;7F;harian
491c4a81-d3a5-4bc9-b863-40a3096c4b7a;3a468cd5-c62b-4dfa-83cd-d5deae4b3632;1ebde390-aa49-41c1-bd3c-665f1662e80a;2025-09-20;BAHASA INGGRIS;Hadir;2025-09-20 08:13:12.675739+00;;7E;mapel
49e4658e-d308-42d0-b7b7-a8af10c2ac8e;49f6d4a8-a742-4b1a-ab86-d0fda2147ffb;1ebde390-aa49-41c1-bd3c-665f1662e80a;2025-09-20;BAHASA INGGRIS;Hadir;2025-09-20 08:13:25.2209+00;;7F;mapel
4c4233e3-9f51-4d8a-bea6-6b424adb9768;da95a1d2-7a26-4fb1-8c14-13990dcf1041;1ebde390-aa49-41c1-bd3c-665f1662e80a;2025-09-20;Harian;Hadir;2025-09-20 08:15:02.168479+00;;7F;harian
4e190613-7a54-45c8-8c54-cae5464eee30;faded6dc-1e36-4b6d-a4f8-0535eee01b83;1ebde390-aa49-41c1-bd3c-665f1662e80a;2025-09-20;Harian;Hadir;2025-09-20 08:14:06.315818+00;;7F;harian
4f6bda9d-2f10-4a09-b987-1413871e41a0;b195fc3e-9b6d-4d34-aeb6-41dd19ce1968;1ebde390-aa49-41c1-bd3c-665f1662e80a;2025-09-20;BAHASA INGGRIS;Hadir;2025-09-20 08:11:33.965763+00;;7A;mapel
4faeb496-ca2d-4f2a-b80b-b93290f6dbf8;e28cb9eb-b1db-423b-a1c4-0ad7be9c36d2;1ebde390-aa49-41c1-bd3c-665f1662e80a;2025-09-20;BAHASA INGGRIS;Hadir;2025-09-20 08:11:48.426557+00;;7B;mapel
5230bd1a-45c5-4a2e-bb89-9746c6858c4f;95e9ac31-fb19-4fc7-a24b-c321e1eb1f6c;1ebde390-aa49-41c1-bd3c-665f1662e80a;2025-09-20;BAHASA INGGRIS;Hadir;2025-09-20 08:13:12.752552+00;;7E;mapel
5492fe2e-59d2-4dd6-b7dd-2763ff36273d;35b62cee-7b56-42bd-81f3-483abd4982b4;1ebde390-aa49-41c1-bd3c-665f1662e80a;2025-09-20;BAHASA INGGRIS;Hadir;2025-09-20 08:11:48.426557+00;;7B;mapel
5544c917-2e05-46cd-9625-8b2f4e993696;557b5323-ae05-452b-a9d3-9df30392ddcb;1ebde390-aa49-41c1-bd3c-665f1662e80a;2025-09-20;Harian;Hadir;2025-09-20 08:15:01.664294+00;;7F;harian
55ddf411-f1fe-42b2-8bcf-c2617ccf82c1;90d3b26d-e471-4d78-b690-094c6bb9b48d;1ebde390-aa49-41c1-bd3c-665f1662e80a;2025-09-20;BAHASA INGGRIS;Hadir;2025-09-20 08:11:48.836958+00;;7B;mapel
561be89a-8d2b-4656-8b65-5f5e05652e27;110d5d11-007d-4131-ab2e-f13b05197195;1ebde390-aa49-41c1-bd3c-665f1662e80a;2025-09-20;BAHASA INGGRIS;Hadir;2025-09-20 08:11:48.61222+00;;7B;mapel
56639639-8da1-44e6-b604-edde4b41813e;4b47c6f0-d316-4901-8632-262cc33bf5b4;bf881eef-91c7-4ac3-b99d-cd62d2e9df4a;2025-09-20;Harian;Hadir;2025-09-20 08:16:09.295244+00;;9E;harian
56afacbb-8c00-47e3-bd30-edea18d854da;03bbb978-d920-4f73-9e49-f76e74ea665d;bf881eef-91c7-4ac3-b99d-cd62d2e9df4a;2025-09-20;Harian;Hadir;2025-09-20 08:16:09.295244+00;;9E;harian
56ec6703-ec07-45f4-9c77-45fedad1a6dc;b7abca4f-488a-4681-8bd5-da31306bf945;1ebde390-aa49-41c1-bd3c-665f1662e80a;2025-09-20;BAHASA INGGRIS;Hadir;2025-09-20 08:13:24.793675+00;;7F;mapel
59156cd3-da0f-4c72-a80c-d208fb7bee83;b15f11d7-8abc-4c86-97dc-f014bfd9bd0d;1ebde390-aa49-41c1-bd3c-665f1662e80a;2025-09-20;BAHASA INGGRIS;Hadir;2025-09-20 08:11:48.61222+00;;7B;mapel
5aaea335-ecdf-497e-8afd-fa06d4f7373d;f521008e-d41a-42b0-b963-f90ab76df9ac;1ebde390-aa49-41c1-bd3c-665f1662e80a;2025-09-20;BAHASA INGGRIS;Hadir;2025-09-20 08:13:25.041364+00;;7F;mapel
5ac899a1-0a4e-4d26-aa2f-59234e769ee6;da33da39-1892-4c4b-b3c4-4516b7647783;1ebde390-aa49-41c1-bd3c-665f1662e80a;2025-09-20;Harian;Hadir;2025-09-20 08:14:06.743536+00;;7F;harian
5afd3a8b-65c1-4e4b-819f-9dd40f66b34f;14b9ce90-4029-44d4-b5f4-5537424491e6;1ebde390-aa49-41c1-bd3c-665f1662e80a;2025-09-20;Harian;Hadir;2025-09-20 08:14:06.193279+00;;7F;harian
5cebd548-f071-4116-a1ba-bc7575139cf8;da33da39-1892-4c4b-b3c4-4516b7647783;1ebde390-aa49-41c1-bd3c-665f1662e80a;2025-09-20;BAHASA INGGRIS;Hadir;2025-09-20 08:13:25.302229+00;;7F;mapel
5dc48df7-6357-4661-9319-fb2ccd1c3877;78c82374-7ea4-4849-ac8e-a50a79ce7978;1ebde390-aa49-41c1-bd3c-665f1662e80a;2025-09-20;BAHASA INGGRIS;Hadir;2025-09-20 08:12:59.724742+00;;7D;mapel
5e0fa381-fd88-4461-994b-b0623b198467;c66ae316-66b8-43e3-8321-3c0bf6aa6828;1ebde390-aa49-41c1-bd3c-665f1662e80a;2025-09-20;Harian;Hadir;2025-09-20 08:14:06.422836+00;;7F;harian
5ea3eb43-78ee-454f-9055-4ba482f3ff4d;557b5323-ae05-452b-a9d3-9df30392ddcb;1ebde390-aa49-41c1-bd3c-665f1662e80a;2025-09-20;Harian;Hadir;2025-09-20 08:14:06.193279+00;;7F;harian
5ed88e80-dab3-48a4-a621-f236bac8d8af;219fc156-01cc-447c-8247-67cefe517f58;1ebde390-aa49-41c1-bd3c-665f1662e80a;2025-09-20;BAHASA INGGRIS;Hadir;2025-09-20 08:13:12.324165+00;;7E;mapel
6051ce6b-2f38-45ab-8ee8-dab016a1e9f2;aa8500a6-f844-4428-9d06-17522487d6d9;935ef948-5f83-413b-85f5-ca6c7bb5119d;2025-09-20;PENDIDIKAN AGAMA ISLAM;Hadir;2025-09-20 08:16:34.398006+00;;7D;mapel
610ae5cf-9cc3-4b62-840b-5f651c6c1b8d;f521008e-d41a-42b0-b963-f90ab76df9ac;1ebde390-aa49-41c1-bd3c-665f1662e80a;2025-09-20;Harian;Hadir;2025-09-20 08:15:01.838458+00;;7F;harian
6175bbfc-d75f-43b6-b0fc-0d9503973fec;fb194a0a-630f-4503-aacc-25c534fd0bcc;1ebde390-aa49-41c1-bd3c-665f1662e80a;2025-09-20;BAHASA INGGRIS;Hadir;2025-09-20 08:13:12.917897+00;;7E;mapel
617bfd15-2bac-4698-8dd5-9d6db7470400;5307aa3b-2a80-479f-8232-4245d0636313;1ebde390-aa49-41c1-bd3c-665f1662e80a;2025-09-20;BAHASA INGGRIS;Hadir;2025-09-20 08:11:34.457064+00;;7A;mapel
61b085fe-faf1-4a4b-b75c-ce4db880ae3f;899003d7-592d-4595-b8a0-16e809f6c48d;1ebde390-aa49-41c1-bd3c-665f1662e80a;2025-09-20;BAHASA INGGRIS;Hadir;2025-09-20 08:11:34.457064+00;;7A;mapel
61d4bf60-20bb-4730-90ba-914000cdc392;12ae03da-20ba-4333-9c64-786f09180bb6;1ebde390-aa49-41c1-bd3c-665f1662e80a;2025-09-20;BAHASA INGGRIS;Hadir;2025-09-20 08:11:34.573635+00;;7A;mapel
622761a1-44cb-4b7d-934c-6f3f4597dc39;14b9ce90-4029-44d4-b5f4-5537424491e6;1ebde390-aa49-41c1-bd3c-665f1662e80a;2025-09-20;Harian;Hadir;2025-09-20 08:15:01.664294+00;;7F;harian
628e87e1-38f3-45d5-ac70-a0b9b59c66c0;1131532a-0d78-4da9-81ed-a2ccd0c446e5;1ebde390-aa49-41c1-bd3c-665f1662e80a;2025-09-20;Harian;Hadir;2025-09-20 08:15:02.001398+00;;7F;harian
62b88761-b8c9-46c5-afea-b8d5d76c9342;a8889266-e309-4bc2-b2df-97d198c495dd;1ebde390-aa49-41c1-bd3c-665f1662e80a;2025-09-20;Harian;Hadir;2025-09-20 08:15:01.592068+00;;7F;harian
6396603c-bdb3-401b-9883-4cea3d400515;92e707ed-991c-4c6f-bdef-8952a34134e4;1ebde390-aa49-41c1-bd3c-665f1662e80a;2025-09-20;BAHASA INGGRIS;Hadir;2025-09-20 08:13:24.962144+00;;7F;mapel
646962ba-646b-4923-874b-641bee2493a2;82e670a7-dfc1-411e-87ed-532f4a569166;1ebde390-aa49-41c1-bd3c-665f1662e80a;2025-09-20;BAHASA INGGRIS;Hadir;2025-09-20 08:12:02.714236+00;;7C;mapel
667b9490-6901-4a98-860f-c59d58ec0473;a0cfc389-fa75-4eb8-8565-1ddfbb4bdc3a;1ebde390-aa49-41c1-bd3c-665f1662e80a;2025-09-20;Harian;Hadir;2025-09-20 08:15:01.920583+00;;7F;harian
669954fb-5e95-45d4-bad7-61ce5b5ba4f3;d2634669-42d9-494a-a897-9656d3e6cb37;1ebde390-aa49-41c1-bd3c-665f1662e80a;2025-09-20;BAHASA INGGRIS;Hadir;2025-09-20 08:12:03.720777+00;;7C;mapel
675f24df-5a86-4d6e-8962-440ef659614a;1851204c-8adc-40e9-bfaf-e875b0ef4c5e;1ebde390-aa49-41c1-bd3c-665f1662e80a;2025-09-20;BAHASA INGGRIS;Hadir;2025-09-20 08:11:34.828374+00;;7A;mapel
68ae25a0-e5b1-4c45-b4b9-3cf332bea755;9ddb16c5-12a7-4ba7-8204-82b89c6e53ba;1ebde390-aa49-41c1-bd3c-665f1662e80a;2025-09-20;Harian;Hadir;2025-09-20 08:14:06.743536+00;;7F;harian
6929b025-bcb2-4f94-9765-46911993513e;af15b730-3684-4908-811c-2ef086b15cb3;1ebde390-aa49-41c1-bd3c-665f1662e80a;2025-09-20;BAHASA INGGRIS;Hadir;2025-09-20 08:13:12.752552+00;;7E;mapel
69845f90-4081-4db0-874d-b8f8ddfdd8be;55da41fe-75fe-41d4-ab1e-ec6c3897b9f4;1ebde390-aa49-41c1-bd3c-665f1662e80a;2025-09-20;BAHASA INGGRIS;Hadir;2025-09-20 08:11:34.828374+00;;7A;mapel
69bd8b43-d4b6-4d3a-bfb6-d70c71c82a13;9d197615-5fd5-458b-b4e4-548a640177ab;1ebde390-aa49-41c1-bd3c-665f1662e80a;2025-09-20;BAHASA INGGRIS;Hadir;2025-09-20 08:13:12.675739+00;;7E;mapel
69c0d02f-7fb2-45fe-a4d7-fae4dcb8f61a;b45ddbda-f0c1-4427-88c3-9de68fb4d8c4;bf881eef-91c7-4ac3-b99d-cd62d2e9df4a;2025-09-20;Harian;Hadir;2025-09-20 08:16:09.131253+00;;9E;harian
6a58cf7e-84d7-40fc-ab9b-5049380e8723;a9717a32-9f2e-454d-9351-4ddbc71205a5;1ebde390-aa49-41c1-bd3c-665f1662e80a;2025-09-20;BAHASA INGGRIS;Hadir;2025-09-20 08:11:34.739499+00;;7A;mapel
6a834d74-9bbc-4623-b887-5e94dd4bdba4;d4a5b164-7868-425f-958c-4b790c57cc7c;1ebde390-aa49-41c1-bd3c-665f1662e80a;2025-09-20;BAHASA INGGRIS;Hadir;2025-09-20 08:11:49.025027+00;;7B;mapel
6afbd4ee-13ce-4856-9353-eebe35d2b093;98f3576b-85ff-4ae5-a79d-47a47c88f292;1ebde390-aa49-41c1-bd3c-665f1662e80a;2025-09-20;BAHASA INGGRIS;Hadir;2025-09-20 08:13:12.837968+00;;7E;mapel
6b4ebebd-efd3-41b8-a914-1ced8bc51a43;ccffcd11-d237-4190-847e-566e0328c3be;1ebde390-aa49-41c1-bd3c-665f1662e80a;2025-09-20;BAHASA INGGRIS;Hadir;2025-09-20 08:12:59.724742+00;;7D;mapel
6c32ea3f-58c7-4598-a7d1-c75c27c495cc;348168b2-5edd-4257-af72-2b8bddd216d6;1ebde390-aa49-41c1-bd3c-665f1662e80a;2025-09-20;Harian;Hadir;2025-09-20 08:14:06.743536+00;;7F;harian
6c76277e-4773-4d1a-9aa5-2f5ef16e196c;8d00ad2b-1fe0-4b13-b3c3-60b976ceb001;bf881eef-91c7-4ac3-b99d-cd62d2e9df4a;2025-09-20;Harian;Hadir;2025-09-20 08:16:09.047038+00;;9E;harian
6cf7aec6-3b9e-4cf6-9a3b-f2ddf0776510;8d84b82e-6bd8-4634-a0f0-9cfbe14f5260;1ebde390-aa49-41c1-bd3c-665f1662e80a;2025-09-20;BAHASA INGGRIS;Hadir;2025-09-20 08:12:03.237836+00;;7C;mapel
6d87782d-761e-4964-8a60-e88957abe6d8;72cfe19d-abe9-4979-b9a5-32b17f0ea3dd;bf881eef-91c7-4ac3-b99d-cd62d2e9df4a;2025-09-20;Harian;Hadir;2025-09-20 08:16:09.295244+00;;9E;harian
6e867f67-acb2-44d3-b0e7-769cf8832b29;a8fb32da-599d-4af1-980c-2fc1c39a6cd0;1ebde390-aa49-41c1-bd3c-665f1662e80a;2025-09-20;Harian;Hadir;2025-09-20 08:14:06.946711+00;;7F;harian
6ebf23b9-c8dd-426e-a556-beee8803de3d;49f6d4a8-a742-4b1a-ab86-d0fda2147ffb;1ebde390-aa49-41c1-bd3c-665f1662e80a;2025-09-20;Harian;Hadir;2025-09-20 08:15:02.001398+00;;7F;harian
6f572279-5e2c-48fc-baee-52615e416452;21cb3ae3-7dcd-499c-96cd-4092d4b65f3f;1ebde390-aa49-41c1-bd3c-665f1662e80a;2025-09-20;Harian;Hadir;2025-09-20 08:15:01.920583+00;;7F;harian
6f6dc1f4-626f-4b7b-9004-99c717deac9d;1ba2d0fe-b008-4b00-9deb-133878f86890;1ebde390-aa49-41c1-bd3c-665f1662e80a;2025-09-20;Harian;Hadir;2025-09-20 08:14:06.193279+00;;7F;harian
702dcef8-a975-48ae-bb98-8b5f7e695755;b629ef01-87d0-4115-afdd-643284d23bfb;1ebde390-aa49-41c1-bd3c-665f1662e80a;2025-09-20;BAHASA INGGRIS;Hadir;2025-09-20 08:11:48.61222+00;;7B;mapel
71d7795d-d399-4b3a-8c73-913add334251;2a32b7f3-6d8a-464e-adba-72b9df26917a;935ef948-5f83-413b-85f5-ca6c7bb5119d;2025-09-20;PENDIDIKAN AGAMA ISLAM;Hadir;2025-09-20 08:16:34.398006+00;;7D;mapel
7273f622-9905-457f-a033-f64c799ebfe4;8d8aa5d8-27ef-4449-a9ea-d5b63eda80fb;1ebde390-aa49-41c1-bd3c-665f1662e80a;2025-09-20;BAHASA INGGRIS;Hadir;2025-09-20 08:13:12.837968+00;;7E;mapel
727b8137-3016-4045-8058-9440d23f1277;a8fb32da-599d-4af1-980c-2fc1c39a6cd0;1ebde390-aa49-41c1-bd3c-665f1662e80a;2025-09-20;Harian;Hadir;2025-09-20 08:15:02.264874+00;;7F;harian
73d9b75f-a052-4f19-9f96-9da1f1f27517;0c323768-d9ca-4fc5-bf24-4c9e3be3428a;1ebde390-aa49-41c1-bd3c-665f1662e80a;2025-09-20;BAHASA INGGRIS;Hadir;2025-09-20 08:11:49.025027+00;;7B;mapel
7500de15-68ba-4c4f-93f5-d47d14c93429;4139faf6-14a4-4744-88f2-f0c2c900e6aa;1ebde390-aa49-41c1-bd3c-665f1662e80a;2025-09-20;BAHASA INGGRIS;Hadir;2025-09-20 08:13:25.302229+00;;7F;mapel
75320832-d024-4a15-9765-cd1e9a19c43e;ce748323-b8f1-4484-894e-b2e1d97dee0f;1ebde390-aa49-41c1-bd3c-665f1662e80a;2025-09-20;BAHASA INGGRIS;Hadir;2025-09-20 08:11:34.367058+00;;7A;mapel
75876688-07af-473e-8cde-597fd2764af2;348168b2-5edd-4257-af72-2b8bddd216d6;1ebde390-aa49-41c1-bd3c-665f1662e80a;2025-09-20;BAHASA INGGRIS;Hadir;2025-09-20 08:13:25.302229+00;;7F;mapel
75a04d54-c666-47e2-8ddb-945c07b4e37b;d50df5d3-0d6a-4a41-8731-7d5998051363;1ebde390-aa49-41c1-bd3c-665f1662e80a;2025-09-20;BAHASA INGGRIS;Hadir;2025-09-20 08:11:34.828374+00;;7A;mapel
77446cd8-f336-4fed-9652-3c32d65343b5;0e39880f-b7d0-4abf-981f-972cd0fcbb19;1ebde390-aa49-41c1-bd3c-665f1662e80a;2025-09-20;BAHASA INGGRIS;Hadir;2025-09-20 08:12:59.279071+00;;7D;mapel
7745a712-c473-44c4-bdf2-8586e9168e3e;dbdb921b-02b4-41d6-9d66-ba6000ff53bc;1ebde390-aa49-41c1-bd3c-665f1662e80a;2025-09-20;BAHASA INGGRIS;Hadir;2025-09-20 08:13:12.917897+00;;7E;mapel
788697a4-06c0-4e0b-a75c-75bf1cfdeb2c;3e8bed0a-8709-43e4-bd0b-b76afefa0454;1ebde390-aa49-41c1-bd3c-665f1662e80a;2025-09-20;Harian;Hadir;2025-09-20 08:14:06.946711+00;;7F;harian
79527589-8ad3-4d00-a37a-b9d75873d63c;d7cc710c-a42c-4cbd-ba21-9b1a65b5537e;1ebde390-aa49-41c1-bd3c-665f1662e80a;2025-09-20;BAHASA INGGRIS;Hadir;2025-09-20 08:11:34.828374+00;;7A;mapel
7a065309-520e-48db-9f2f-26467f495914;5c67f791-8254-4475-9a48-7956f3041837;bf881eef-91c7-4ac3-b99d-cd62d2e9df4a;2025-09-20;Harian;Hadir;2025-09-20 08:16:09.131253+00;;9E;harian
7a2dd2e7-8ac5-42b4-acc5-371da388f814;3975c186-8241-4eeb-940e-5aacbcdaa4ff;935ef948-5f83-413b-85f5-ca6c7bb5119d;2025-09-20;PENDIDIKAN AGAMA ISLAM;Hadir;2025-09-20 08:16:34.108994+00;;7D;mapel
7a396be6-1083-4130-b4e0-617cf1e14752;44f1b4dd-14cd-4179-bbc6-ffa198d8ab30;1ebde390-aa49-41c1-bd3c-665f1662e80a;2025-09-20;BAHASA INGGRIS;Hadir;2025-09-20 08:11:49.262872+00;;7B;mapel
7a89f5d5-9ef1-4a7f-b7b4-9eece8b0d3da;586cd6b7-30ea-47c5-a5d8-e7295373a7b3;935ef948-5f83-413b-85f5-ca6c7bb5119d;2025-09-20;PENDIDIKAN AGAMA ISLAM;Hadir;2025-09-20 08:16:33.757039+00;;7D;mapel
7ab52106-dd85-490f-a6ad-11f3d7146fca;a8889266-e309-4bc2-b2df-97d198c495dd;1ebde390-aa49-41c1-bd3c-665f1662e80a;2025-09-20;BAHASA INGGRIS;Hadir;2025-09-20 08:13:24.793675+00;;7F;mapel
7accf2ea-6d6b-456a-a5f4-696578a4fcbd;cb888e80-3bc7-4838-99a2-5dca5fc240fe;bf881eef-91c7-4ac3-b99d-cd62d2e9df4a;2025-09-20;Harian;Hadir;2025-09-20 08:16:09.131253+00;;9E;harian
7aea7924-287d-44e3-a469-92892cea251f;da33da39-1892-4c4b-b3c4-4516b7647783;1ebde390-aa49-41c1-bd3c-665f1662e80a;2025-09-20;Harian;Hadir;2025-09-20 08:15:02.087393+00;;7F;harian
7b414820-1bfd-4d0e-a954-b2d98ddccb09;70b3d24e-a50b-4ba6-a3c4-2f55eb163a27;935ef948-5f83-413b-85f5-ca6c7bb5119d;2025-09-20;PENDIDIKAN AGAMA ISLAM;Hadir;2025-09-20 08:16:34.210684+00;;7D;mapel
7b9f91d5-c45f-4005-b347-6e1246313cd3;4baac62c-e83e-46d8-b96c-6ff52086cba8;1ebde390-aa49-41c1-bd3c-665f1662e80a;2025-09-20;Harian;Hadir;2025-09-20 08:14:06.193279+00;;7F;harian
7bc26183-3b8d-43b4-b113-64f08b1cb147;0a033c10-4855-4e9e-bb62-70c334bc95ad;1ebde390-aa49-41c1-bd3c-665f1662e80a;2025-09-20;BAHASA INGGRIS;Hadir;2025-09-20 08:13:25.2209+00;;7F;mapel
7bd46eba-790f-49db-a35f-33fff851c456;504c6783-fa04-4543-9eef-ced2e698838a;1ebde390-aa49-41c1-bd3c-665f1662e80a;2025-09-20;BAHASA INGGRIS;Hadir;2025-09-20 08:11:49.262872+00;;7B;mapel
7bdd2d55-32bb-4e0e-a841-d5ca32285a24;b0135952-5078-4f30-8282-65faf30a25b0;1ebde390-aa49-41c1-bd3c-665f1662e80a;2025-09-20;BAHASA INGGRIS;Hadir;2025-09-20 08:12:03.357698+00;;7C;mapel
7ebe1132-5979-4081-bd87-2a62ef19e939;78c82374-7ea4-4849-ac8e-a50a79ce7978;935ef948-5f83-413b-85f5-ca6c7bb5119d;2025-09-20;PENDIDIKAN AGAMA ISLAM;Hadir;2025-09-20 08:16:34.304827+00;;7D;mapel
7ec9fdbb-a5d3-4ee0-bca5-959e10d41b15;6d50f7af-f095-4460-9bf2-1596d8b6beaa;1ebde390-aa49-41c1-bd3c-665f1662e80a;2025-09-20;BAHASA INGGRIS;Hadir;2025-09-20 08:12:02.835039+00;;7C;mapel
7f250c5b-389f-47a9-a464-dcc56bce44c2;836c4153-31a6-477e-b747-7a718389e07d;1ebde390-aa49-41c1-bd3c-665f1662e80a;2025-09-20;Harian;Hadir;2025-09-20 08:14:06.643443+00;;7F;harian
7f4bfc75-726b-4619-8de5-95109e0db2fb;60136f8e-e63e-4ddd-8f6f-e74b7158910c;1ebde390-aa49-41c1-bd3c-665f1662e80a;2025-09-20;BAHASA INGGRIS;Hadir;2025-09-20 08:12:59.724742+00;;7D;mapel
7fa99cd4-98a7-416c-a776-03353c816227;586cd6b7-30ea-47c5-a5d8-e7295373a7b3;1ebde390-aa49-41c1-bd3c-665f1662e80a;2025-09-20;BAHASA INGGRIS;Hadir;2025-09-20 08:12:59.169922+00;;7D;mapel
7fd6ccd8-2a56-4aa0-9c44-6680b186d2ad;75f6ade9-65fb-40a9-9366-e00d539a32ed;1ebde390-aa49-41c1-bd3c-665f1662e80a;2025-09-20;BAHASA INGGRIS;Hadir;2025-09-20 08:12:02.835039+00;;7C;mapel
80b423dc-b33f-49c0-b0de-e03de4645ef5;b8c4924e-c2ea-4ee7-99b6-1387c644aa19;1ebde390-aa49-41c1-bd3c-665f1662e80a;2025-09-20;BAHASA INGGRIS;Hadir;2025-09-20 08:12:59.457812+00;;7D;mapel
839e300a-2d00-45c2-97d4-7b5bb72431f4;244ea241-c289-4b9c-a0e1-afc01d2b365a;bf881eef-91c7-4ac3-b99d-cd62d2e9df4a;2025-09-20;Harian;Hadir;2025-09-20 08:16:09.219007+00;;9E;harian
83fa4c2c-e1b3-4ab5-a36a-d239940576ab;59fb358f-5810-4ae7-8c78-eaea67ec6b75;1ebde390-aa49-41c1-bd3c-665f1662e80a;2025-09-20;BAHASA INGGRIS;Hadir;2025-09-20 08:11:49.133301+00;;7B;mapel
84e5e827-15e1-429c-8ed8-5c973933d189;4f361f35-105b-4eb3-9f7a-f52066fe0c4e;1ebde390-aa49-41c1-bd3c-665f1662e80a;2025-09-20;BAHASA INGGRIS;Hadir;2025-09-20 08:12:59.643689+00;;7D;mapel
84f548a2-7b1b-4f62-bddd-2932de119304;23066941-dcb3-4c80-a1f6-a9d9c7504923;1ebde390-aa49-41c1-bd3c-665f1662e80a;2025-09-20;BAHASA INGGRIS;Hadir;2025-09-20 08:13:25.394194+00;;7F;mapel
85130e37-f964-47a4-9701-f80b0ec8385f;f6cde61d-ce47-49df-82fc-2e31fda6e8d5;1ebde390-aa49-41c1-bd3c-665f1662e80a;2025-09-20;BAHASA INGGRIS;Hadir;2025-09-20 08:13:25.128653+00;;7F;mapel
8583de84-7e13-4677-962d-acb0dacfb23d;6f374bc0-1c9f-4609-82f7-99b905816520;bf881eef-91c7-4ac3-b99d-cd62d2e9df4a;2025-09-20;Harian;Hadir;2025-09-20 08:16:08.966221+00;;9E;harian
85b451f7-9ac7-4b16-95d5-4121911dd606;4c1ce1db-930f-489c-b645-bfd691a2321e;1ebde390-aa49-41c1-bd3c-665f1662e80a;2025-09-20;BAHASA INGGRIS;Hadir;2025-09-20 08:13:25.480382+00;;7F;mapel
875fdf2a-ab04-4bfc-8cef-c7f5ec567725;c66ae316-66b8-43e3-8321-3c0bf6aa6828;1ebde390-aa49-41c1-bd3c-665f1662e80a;2025-09-20;Harian;Hadir;2025-09-20 08:15:01.838458+00;;7F;harian
87ccb945-227c-4618-af15-d0869291e934;9ddb16c5-12a7-4ba7-8204-82b89c6e53ba;1ebde390-aa49-41c1-bd3c-665f1662e80a;2025-09-20;BAHASA INGGRIS;Hadir;2025-09-20 08:13:25.302229+00;;7F;mapel
8933e4d3-2e9e-466f-8ad5-e8a506f2fb5a;ab3caa78-58cd-4764-a5f7-c1579c716ee9;bf881eef-91c7-4ac3-b99d-cd62d2e9df4a;2025-09-20;Harian;Hadir;2025-09-20 08:16:08.785517+00;;9E;harian
8a51d963-5054-4fb2-9118-696ae5cc317c;97d05b05-6d41-4d1c-a3d0-570dd2d7cd9f;935ef948-5f83-413b-85f5-ca6c7bb5119d;2025-09-20;PENDIDIKAN AGAMA ISLAM;Hadir;2025-09-20 08:16:34.398006+00;;7D;mapel
8a743889-d6c7-403c-afe5-d34851362c55;faded6dc-1e36-4b6d-a4f8-0535eee01b83;1ebde390-aa49-41c1-bd3c-665f1662e80a;2025-09-20;BAHASA INGGRIS;Hadir;2025-09-20 08:13:24.962144+00;;7F;mapel
8afc9fd8-babc-4b41-bfcd-a5fd233fb53b;9bafc2cd-b4e0-404c-b90c-3a6ba576e7a7;1ebde390-aa49-41c1-bd3c-665f1662e80a;2025-09-20;BAHASA INGGRIS;Hadir;2025-09-20 08:12:03.468298+00;;7C;mapel
8b39b891-02ff-45c9-811d-86bb1ebe1c0e;1d5862ff-3e7a-4a39-bc3d-18e2de3b0b02;1ebde390-aa49-41c1-bd3c-665f1662e80a;2025-09-20;Harian;Hadir;2025-09-20 08:15:02.001398+00;;7F;harian
8bc7ee74-88f2-4e5b-885a-7ea27cd77f59;0f3ab348-cc1c-4705-8f43-8c516d1503bc;1ebde390-aa49-41c1-bd3c-665f1662e80a;2025-09-20;Harian;Hadir;2025-09-20 08:14:06.743536+00;;7F;harian
8d3e71ff-454e-4b0e-8cfb-6b51af3fc7fe;92813d90-f04b-4a8a-931b-446064617323;1ebde390-aa49-41c1-bd3c-665f1662e80a;2025-09-20;BAHASA INGGRIS;Hadir;2025-09-20 08:12:59.551086+00;;7D;mapel
8eb84a7d-ba11-4410-8ecf-277234936661;a45f7c24-cac8-4099-9059-a2c87fdff842;1ebde390-aa49-41c1-bd3c-665f1662e80a;2025-09-20;Harian;Hadir;2025-09-20 08:14:06.422836+00;;7F;harian
8f38290c-20de-4a42-acc9-c24cdd1d9c0a;32ff0da9-aed9-4573-9df5-725eb05304be;1ebde390-aa49-41c1-bd3c-665f1662e80a;2025-09-20;BAHASA INGGRIS;Hadir;2025-09-20 08:11:33.965763+00;;7A;mapel
8f6a658b-3b51-4580-a426-14e5d75e8036;a41ede0c-817e-4cb2-a76d-2053ffe71dde;935ef948-5f83-413b-85f5-ca6c7bb5119d;2025-09-20;PENDIDIKAN AGAMA ISLAM;Hadir;2025-09-20 08:16:33.841635+00;;7D;mapel
8fdb7c91-b829-42d2-9a48-bf6de5faefaa;d8ade939-a682-4545-aa42-61255c6d3f40;1ebde390-aa49-41c1-bd3c-665f1662e80a;2025-09-20;BAHASA INGGRIS;Hadir;2025-09-20 08:13:12.837968+00;;7E;mapel
901aca74-a2a8-4060-b4a7-f0cabfdae24f;f6cde61d-ce47-49df-82fc-2e31fda6e8d5;1ebde390-aa49-41c1-bd3c-665f1662e80a;2025-09-20;Harian;Hadir;2025-09-20 08:14:06.531518+00;;7F;harian
91065ea2-79c9-4296-9e54-bc8381277259;92e707ed-991c-4c6f-bdef-8952a34134e4;1ebde390-aa49-41c1-bd3c-665f1662e80a;2025-09-20;Harian;Hadir;2025-09-20 08:14:06.315818+00;;7F;harian
91ad0223-3d0b-4a00-833b-1634fd6360fc;fe04f23b-87a5-4803-ace4-5606fd24960d;1ebde390-aa49-41c1-bd3c-665f1662e80a;2025-09-20;BAHASA INGGRIS;Hadir;2025-09-20 08:11:48.92048+00;;7B;mapel
921df85a-a030-4d1b-bf55-7e29936f18f5;6f630a84-e7cf-4200-8c23-f0722eb8a493;1ebde390-aa49-41c1-bd3c-665f1662e80a;2025-09-20;BAHASA INGGRIS;Hadir;2025-09-20 08:12:59.643689+00;;7D;mapel
93c14cdb-c799-459c-892e-f3465b01bed6;e97c63f9-6a9e-4b21-9ffc-88f4bfd95bf3;1ebde390-aa49-41c1-bd3c-665f1662e80a;2025-09-20;Harian;Hadir;2025-09-20 08:15:01.592068+00;;7F;harian
93fab40f-a74a-4425-abd0-4df6bc5e053a;8ef8823e-7774-402b-8483-6c2f00145d8e;935ef948-5f83-413b-85f5-ca6c7bb5119d;2025-09-20;PENDIDIKAN AGAMA ISLAM;Hadir;2025-09-20 08:16:33.757039+00;;7D;mapel
965b5012-2371-4554-a5e2-8532034d7176;9ddb16c5-12a7-4ba7-8204-82b89c6e53ba;1ebde390-aa49-41c1-bd3c-665f1662e80a;2025-09-20;Harian;Hadir;2025-09-20 08:15:02.087393+00;;7F;harian
96949d65-4f5a-40e7-896c-97c80ad85cae;146d4ba3-2dfb-4383-bace-e9da458b93aa;1ebde390-aa49-41c1-bd3c-665f1662e80a;2025-09-20;BAHASA INGGRIS;Hadir;2025-09-20 08:13:24.962144+00;;7F;mapel
96be90fd-39ba-4990-b184-96950562fd39;81c31a10-02f8-4c6f-a614-75b5c29876d5;1ebde390-aa49-41c1-bd3c-665f1662e80a;2025-09-20;BAHASA INGGRIS;Hadir;2025-09-20 08:11:48.733916+00;;7B;mapel
9711fc27-0ca8-403e-9bc4-7c451e934759;faded6dc-1e36-4b6d-a4f8-0535eee01b83;1ebde390-aa49-41c1-bd3c-665f1662e80a;2025-09-20;Harian;Hadir;2025-09-20 08:15:01.761992+00;;7F;harian
975449d7-cb07-4542-b833-681b2f1c1c72;1ba2d0fe-b008-4b00-9deb-133878f86890;1ebde390-aa49-41c1-bd3c-665f1662e80a;2025-09-20;Harian;Hadir;2025-09-20 08:15:01.664294+00;;7F;harian
97b0193e-b855-4e07-b055-0154faddd843;42c4579a-5931-491f-bca4-77967bb28132;bf881eef-91c7-4ac3-b99d-cd62d2e9df4a;2025-09-20;Harian;Hadir;2025-09-20 08:16:08.870352+00;;9E;harian
987e9a6a-e043-47ed-b540-2c526d45a6bf;92813d90-f04b-4a8a-931b-446064617323;935ef948-5f83-413b-85f5-ca6c7bb5119d;2025-09-20;PENDIDIKAN AGAMA ISLAM;Hadir;2025-09-20 08:16:34.108994+00;;7D;mapel
9c1700f2-2793-441b-b1f9-35b12ee406dc;02a69b35-2b1d-47e5-b29a-a9ecaed8f7b6;bf881eef-91c7-4ac3-b99d-cd62d2e9df4a;2025-09-20;Harian;Hadir;2025-09-20 08:16:08.870352+00;;9E;harian
9d351f3e-1249-48d6-827f-31603b05de41;ff331516-03ef-4ee8-bc59-f1625c2ade0f;bf881eef-91c7-4ac3-b99d-cd62d2e9df4a;2025-09-20;Harian;Hadir;2025-09-20 08:16:09.047038+00;;9E;harian
9e13e85e-6f26-4252-8bff-1e3bb15af4c2;a45f7c24-cac8-4099-9059-a2c87fdff842;1ebde390-aa49-41c1-bd3c-665f1662e80a;2025-09-20;BAHASA INGGRIS;Hadir;2025-09-20 08:13:25.041364+00;;7F;mapel
9f2e563e-9768-4288-bef9-099c99cf6fa3;408b3c26-000a-4318-b523-56652d2b7212;1ebde390-aa49-41c1-bd3c-665f1662e80a;2025-09-20;BAHASA INGGRIS;Hadir;2025-09-20 08:13:12.917897+00;;7E;mapel
9f3181d4-fade-4d7b-a3a3-4ae521d046ca;22311af9-445e-43cc-9ea2-028ecd34c1cd;1ebde390-aa49-41c1-bd3c-665f1662e80a;2025-09-20;BAHASA INGGRIS;Hadir;2025-09-20 08:11:48.733916+00;;7B;mapel
9f65c2ab-230e-4bbe-bcf3-c0883293ca1f;1f05d727-068b-4ddd-9777-757541610444;1ebde390-aa49-41c1-bd3c-665f1662e80a;2025-09-20;BAHASA INGGRIS;Hadir;2025-09-20 08:11:34.573635+00;;7A;mapel
a0e927d2-81e7-48c6-a1e2-a4d931175de1;62f0ee2c-0e46-4e32-8b46-e87b064f6e7a;1ebde390-aa49-41c1-bd3c-665f1662e80a;2025-09-20;BAHASA INGGRIS;Hadir;2025-09-20 08:13:12.752552+00;;7E;mapel
a1afcec2-b234-48e0-93c0-086a4068790b;a45f7c24-cac8-4099-9059-a2c87fdff842;1ebde390-aa49-41c1-bd3c-665f1662e80a;2025-09-20;Harian;Hadir;2025-09-20 08:15:01.838458+00;;7F;harian
a21ec164-5e92-4f1b-a9af-8c3bf67c05be;b8c4924e-c2ea-4ee7-99b6-1387c644aa19;935ef948-5f83-413b-85f5-ca6c7bb5119d;2025-09-20;PENDIDIKAN AGAMA ISLAM;Hadir;2025-09-20 08:16:34.031527+00;;7D;mapel
a28183e4-8424-4921-9796-917378371836;f7aad9ea-2400-4776-896d-059e15333b8c;935ef948-5f83-413b-85f5-ca6c7bb5119d;2025-09-20;PENDIDIKAN AGAMA ISLAM;Hadir;2025-09-20 08:16:34.031527+00;;7D;mapel
a2bd0b36-e3ee-4cf0-a4b6-1dbde8229fe4;d20e68b5-2a07-4132-be5c-c23560a96a51;1ebde390-aa49-41c1-bd3c-665f1662e80a;2025-09-20;BAHASA INGGRIS;Hadir;2025-09-20 08:11:34.092782+00;;7A;mapel
a32ab915-bcce-4ac5-9a30-f656bc32c44c;a41ede0c-817e-4cb2-a76d-2053ffe71dde;1ebde390-aa49-41c1-bd3c-665f1662e80a;2025-09-20;BAHASA INGGRIS;Hadir;2025-09-20 08:12:59.279071+00;;7D;mapel
a3993a10-fcec-4b17-8d59-392d1af802c5;10648f10-075a-4940-80ba-84c7f751d59c;1ebde390-aa49-41c1-bd3c-665f1662e80a;2025-09-20;BAHASA INGGRIS;Hadir;2025-09-20 08:12:02.714236+00;;7C;mapel
a3f0bca1-2dff-4aa3-85e8-4ab8c1780997;3e8bed0a-8709-43e4-bd0b-b76afefa0454;1ebde390-aa49-41c1-bd3c-665f1662e80a;2025-09-20;Harian;Hadir;2025-09-20 08:15:02.264874+00;;7F;harian
a4521ce1-374e-4ea0-9d06-cd2708aa9d0b;3428c7af-ac1e-40c8-a956-437bb972cb8f;bf881eef-91c7-4ac3-b99d-cd62d2e9df4a;2025-09-20;Harian;Hadir;2025-09-20 08:16:09.295244+00;;9E;harian
a49821fd-1f8d-4416-9fac-7f3d75d2c760;d6964c8f-19e9-498e-b967-4a2f56a228c2;935ef948-5f83-413b-85f5-ca6c7bb5119d;2025-09-20;PENDIDIKAN AGAMA ISLAM;Hadir;2025-09-20 08:16:34.031527+00;;7D;mapel
a56416bf-999b-4ac3-89f1-db37093cc5a6;44830e88-6098-4daa-9ca2-1236c7836fc2;1ebde390-aa49-41c1-bd3c-665f1662e80a;2025-09-20;BAHASA INGGRIS;Hadir;2025-09-20 08:13:25.128653+00;;7F;mapel
a579264a-8c12-488e-abb5-bc22ea9cd12c;d5803c77-5a1a-4714-b912-ab569528f71b;1ebde390-aa49-41c1-bd3c-665f1662e80a;2025-09-20;BAHASA INGGRIS;Hadir;2025-09-20 08:11:49.262872+00;;7B;mapel
a69aafd2-b8cb-4d3d-85d6-04c3fd8381d4;4e55f056-ee32-4ac3-92fa-be2c84fe9786;1ebde390-aa49-41c1-bd3c-665f1662e80a;2025-09-20;BAHASA INGGRIS;Hadir;2025-09-20 08:12:03.357698+00;;7C;mapel
a7656d52-b1c3-4067-8d26-8ab1fa283752;2cf7b6e8-dd4e-4102-a0da-45f926c93d18;935ef948-5f83-413b-85f5-ca6c7bb5119d;2025-09-20;PENDIDIKAN AGAMA ISLAM;Hadir;2025-09-20 08:16:34.210684+00;;7D;mapel
a7b78a71-d755-4969-add6-8c1dd9f2e883;bc554cb1-d3d0-4b73-8aba-30ea957249b7;1ebde390-aa49-41c1-bd3c-665f1662e80a;2025-09-20;BAHASA INGGRIS;Hadir;2025-09-20 08:12:03.357698+00;;7C;mapel
a7d5c6f8-bec6-44d1-9679-589ea5ddc41d;cbd1dac6-5a1a-4b51-9d2e-2837c5dbe37f;1ebde390-aa49-41c1-bd3c-665f1662e80a;2025-09-20;Harian;Hadir;2025-09-20 08:14:06.422836+00;;7F;harian
a7dbb8fb-4788-42c9-bba3-eb863b4638b3;ba73ba56-5218-4763-a4b1-36d53a4d1b7a;1ebde390-aa49-41c1-bd3c-665f1662e80a;2025-09-20;BAHASA INGGRIS;Hadir;2025-09-20 08:13:25.128653+00;;7F;mapel
a87417a9-baf6-4cef-b281-fb5eb10eb219;85fc86b7-9829-4656-9d58-6bbd41b84643;1ebde390-aa49-41c1-bd3c-665f1662e80a;2025-09-20;BAHASA INGGRIS;Hadir;2025-09-20 08:13:13.006792+00;;7E;mapel
a87d03bc-34ef-475d-b998-7ba1a8d45c5f;924f76f7-8ea6-4cc2-a576-0293474d9bbb;1ebde390-aa49-41c1-bd3c-665f1662e80a;2025-09-20;BAHASA INGGRIS;Hadir;2025-09-20 08:11:49.025027+00;;7B;mapel
a8ebdca3-1571-4547-834c-6179c5c09731;b7abca4f-488a-4681-8bd5-da31306bf945;1ebde390-aa49-41c1-bd3c-665f1662e80a;2025-09-20;Harian;Hadir;2025-09-20 08:15:01.592068+00;;7F;harian
a8f95db8-a9cb-4e31-953e-748d5d332ca3;21cb3ae3-7dcd-499c-96cd-4092d4b65f3f;1ebde390-aa49-41c1-bd3c-665f1662e80a;2025-09-20;Harian;Hadir;2025-09-20 08:14:06.531518+00;;7F;harian
a90407b9-d6c7-4849-b421-0c2bf96fccd8;236040b6-a6eb-4940-84a2-9f2b769ce33d;bf881eef-91c7-4ac3-b99d-cd62d2e9df4a;2025-09-20;Harian;Hadir;2025-09-20 08:16:09.219007+00;;9E;harian
a941059c-6219-4059-9062-b47d7207af06;6f630a84-e7cf-4200-8c23-f0722eb8a493;935ef948-5f83-413b-85f5-ca6c7bb5119d;2025-09-20;PENDIDIKAN AGAMA ISLAM;Hadir;2025-09-20 08:16:34.210684+00;;7D;mapel
a9d48566-5fbf-4a47-a778-e1756f1b2f9a;51314a98-ffad-4c6c-bf21-74f0e2d41667;1ebde390-aa49-41c1-bd3c-665f1662e80a;2025-09-20;BAHASA INGGRIS;Hadir;2025-09-20 08:11:34.457064+00;;7A;mapel
aa530a66-ffc8-405e-8b14-06e60542a792;b628ee0d-279a-45fa-8c1f-25a6de64d146;1ebde390-aa49-41c1-bd3c-665f1662e80a;2025-09-20;BAHASA INGGRIS;Hadir;2025-09-20 08:11:34.241135+00;;7A;mapel
aabaf717-b4ad-47c5-a313-21f091aeedef;ea3592fd-e3fb-440a-8f3b-155bc1832a7f;1ebde390-aa49-41c1-bd3c-665f1662e80a;2025-09-20;BAHASA INGGRIS;Hadir;2025-09-20 08:13:12.324165+00;;7E;mapel
ab54aa23-8d2b-4aba-b5da-f14b35780187;0f3ab348-cc1c-4705-8f43-8c516d1503bc;1ebde390-aa49-41c1-bd3c-665f1662e80a;2025-09-20;BAHASA INGGRIS;Hadir;2025-09-20 08:13:25.302229+00;;7F;mapel
ac132b3f-b290-4cc2-9283-9ffd060d0242;505cda91-de57-42b6-979c-a8abac2ec2bd;1ebde390-aa49-41c1-bd3c-665f1662e80a;2025-09-20;BAHASA INGGRIS;Hadir;2025-09-20 08:13:12.752552+00;;7E;mapel
ac285ea0-1ac9-4f25-8215-14f531af7fbb;6e759618-3f88-43c7-a7a0-b0d45345af24;1ebde390-aa49-41c1-bd3c-665f1662e80a;2025-09-20;BAHASA INGGRIS;Hadir;2025-09-20 08:13:12.752552+00;;7E;mapel
ac92a244-197d-4cd6-bf6e-9b33b93adf9c;180ea2f3-7e1a-4def-9f1b-ada6da60d7d8;bf881eef-91c7-4ac3-b99d-cd62d2e9df4a;2025-09-20;Harian;Hadir;2025-09-20 08:16:08.966221+00;;9E;harian
ad8a4482-7816-4771-a09a-dac296d6252d;a0cfc389-fa75-4eb8-8565-1ddfbb4bdc3a;1ebde390-aa49-41c1-bd3c-665f1662e80a;2025-09-20;Harian;Hadir;2025-09-20 08:14:06.531518+00;;7F;harian
ae2a1fad-bebb-41a3-a3ee-b203e4ad5b79;a0722172-cabf-4411-bb2c-8c66ea970911;1ebde390-aa49-41c1-bd3c-665f1662e80a;2025-09-20;BAHASA INGGRIS;Hadir;2025-09-20 08:13:12.441863+00;;7E;mapel
afd3be8f-6e94-4ecc-8260-c8eb46c6fdeb;60136f8e-e63e-4ddd-8f6f-e74b7158910c;935ef948-5f83-413b-85f5-ca6c7bb5119d;2025-09-20;PENDIDIKAN AGAMA ISLAM;Hadir;2025-09-20 08:16:34.304827+00;;7D;mapel
b0c68c15-d428-416d-a13e-80a2afda9047;f14a506a-c5e3-480d-a60e-9f79f30051b0;1ebde390-aa49-41c1-bd3c-665f1662e80a;2025-09-20;BAHASA INGGRIS;Hadir;2025-09-20 08:11:49.025027+00;;7B;mapel
b20a3c36-6a7a-4f2e-83c9-186c20bbe413;87acce7b-c7e1-478d-9995-4b95a9586ecf;935ef948-5f83-413b-85f5-ca6c7bb5119d;2025-09-20;PENDIDIKAN AGAMA ISLAM;Hadir;2025-09-20 08:16:33.757039+00;;7D;mapel
b2bd0f5e-df36-4d4c-a154-37b207c89bc0;2f157c15-384d-4ca6-916b-e3e58b846cdd;1ebde390-aa49-41c1-bd3c-665f1662e80a;2025-09-20;BAHASA INGGRIS;Hadir;2025-09-20 08:12:59.371253+00;;7D;mapel
b300b060-7d5f-4b3b-a4aa-dabf9cb81fdd;378f8c8d-ab15-4a4e-9c58-103a0d56fc00;1ebde390-aa49-41c1-bd3c-665f1662e80a;2025-09-20;BAHASA INGGRIS;Hadir;2025-09-20 08:11:34.367058+00;;7A;mapel
b39c2bfc-fb15-4dd0-84d0-c7b8e1d64c84;2f157c15-384d-4ca6-916b-e3e58b846cdd;935ef948-5f83-413b-85f5-ca6c7bb5119d;2025-09-20;PENDIDIKAN AGAMA ISLAM;Hadir;2025-09-20 08:16:33.938849+00;;7D;mapel
b3da7632-014f-4100-831a-08812776ee95;1ec9ced3-bcbe-4178-ad0d-1ebc6cf298f0;935ef948-5f83-413b-85f5-ca6c7bb5119d;2025-09-20;PENDIDIKAN AGAMA ISLAM;Hadir;2025-09-20 08:16:34.108994+00;;7D;mapel
b464b88a-a8b8-4495-b9c8-dcdb7be585bf;3517186b-206e-4064-97d6-d08671f240c8;1ebde390-aa49-41c1-bd3c-665f1662e80a;2025-09-20;BAHASA INGGRIS;Hadir;2025-09-20 08:12:59.643689+00;;7D;mapel
b56ab38a-4a4d-45b8-b898-ec58a68e578b;4f361f35-105b-4eb3-9f7a-f52066fe0c4e;935ef948-5f83-413b-85f5-ca6c7bb5119d;2025-09-20;PENDIDIKAN AGAMA ISLAM;Hadir;2025-09-20 08:16:34.210684+00;;7D;mapel
b5ff15d4-f3b9-4be5-84c5-6b6dd21761d1;44830e88-6098-4daa-9ca2-1236c7836fc2;1ebde390-aa49-41c1-bd3c-665f1662e80a;2025-09-20;Harian;Hadir;2025-09-20 08:15:01.920583+00;;7F;harian
b603363a-ac61-4180-ba49-a6fb842eda06;41766af1-73ff-47d1-b05d-f3fdbe922de0;1ebde390-aa49-41c1-bd3c-665f1662e80a;2025-09-20;BAHASA INGGRIS;Hadir;2025-09-20 08:12:03.468298+00;;7C;mapel
b750da64-8c00-4321-b97c-089c932be23d;4b5294cf-fe59-4486-9a8a-ffdb73511dee;1ebde390-aa49-41c1-bd3c-665f1662e80a;2025-09-20;BAHASA INGGRIS;Hadir;2025-09-20 08:12:59.279071+00;;7D;mapel
b790c969-ca6a-40f6-a596-8c264ee42ee6;da95a1d2-7a26-4fb1-8c14-13990dcf1041;1ebde390-aa49-41c1-bd3c-665f1662e80a;2025-09-20;Harian;Hadir;2025-09-20 08:14:06.839365+00;;7F;harian
b940b4a6-fb9a-4a65-9ed8-b966bc7653f8;416a853e-a372-474a-91c6-87b63d14bac5;1ebde390-aa49-41c1-bd3c-665f1662e80a;2025-09-20;BAHASA INGGRIS;Hadir;2025-09-20 08:13:25.394194+00;;7F;mapel
b9919e16-d5e6-4a4a-83a1-448555c760df;c1ed472f-69ee-4e61-bdf5-e69cb57784aa;1ebde390-aa49-41c1-bd3c-665f1662e80a;2025-09-20;BAHASA INGGRIS;Hadir;2025-09-20 08:11:34.457064+00;;7A;mapel
baaa93c2-e78e-48c8-8769-04721cdff1b8;108a54e6-5f7a-42ae-bef2-173618ce0cbe;1ebde390-aa49-41c1-bd3c-665f1662e80a;2025-09-20;BAHASA INGGRIS;Hadir;2025-09-20 08:13:12.324165+00;;7E;mapel
baef04dd-5d7d-444a-8a4f-75589c1b6b69;49eae468-d698-4169-b7c8-b1143e4ba4d1;935ef948-5f83-413b-85f5-ca6c7bb5119d;2025-09-20;PENDIDIKAN AGAMA ISLAM;Hadir;2025-09-20 08:16:33.841635+00;;7D;mapel
bb9d0701-2c24-4ded-a4db-5c343d044ab4;ea711ddf-c61a-445c-bec4-dc85bba7278e;1ebde390-aa49-41c1-bd3c-665f1662e80a;2025-09-20;BAHASA INGGRIS;Hadir;2025-09-20 08:11:33.965763+00;;7A;mapel
bbd0044e-d4e8-4274-82eb-2b67dd4f8e2d;20c7577a-498a-4f0d-8351-c68bf2e159c7;1ebde390-aa49-41c1-bd3c-665f1662e80a;2025-09-20;BAHASA INGGRIS;Hadir;2025-09-20 08:13:12.598839+00;;7E;mapel
bd084c24-4b8f-4226-b6da-72b0313cea20;ab6faa30-a0b9-4118-b2f0-49a3c520e0b9;1ebde390-aa49-41c1-bd3c-665f1662e80a;2025-09-20;BAHASA INGGRIS;Hadir;2025-09-20 08:12:03.468298+00;;7C;mapel
bd3e1564-0b95-46f4-b96d-f31052d49cfe;21cb3ae3-7dcd-499c-96cd-4092d4b65f3f;1ebde390-aa49-41c1-bd3c-665f1662e80a;2025-09-20;BAHASA INGGRIS;Hadir;2025-09-20 08:13:25.128653+00;;7F;mapel
bd4511fc-21b9-497b-b6e5-717cc329f113;9c364f75-e57f-4ba4-9a70-2db2994bb43b;1ebde390-aa49-41c1-bd3c-665f1662e80a;2025-09-20;BAHASA INGGRIS;Hadir;2025-09-20 08:12:03.237836+00;;7C;mapel
be99ee8a-5c44-4a92-b55e-45a20618add7;6e5d4ddf-e9c8-406a-9bc6-5644317d0774;1ebde390-aa49-41c1-bd3c-665f1662e80a;2025-09-20;BAHASA INGGRIS;Hadir;2025-09-20 08:12:03.569741+00;;7C;mapel
bf2e51e6-a353-4f33-b9d5-18e52496abf3;1ec9ced3-bcbe-4178-ad0d-1ebc6cf298f0;1ebde390-aa49-41c1-bd3c-665f1662e80a;2025-09-20;BAHASA INGGRIS;Hadir;2025-09-20 08:12:59.551086+00;;7D;mapel
bf6e473c-e12e-4fb4-9930-6bd8bd299bfe;ffec95cf-a1bb-45dd-a001-ac3435b5d397;bf881eef-91c7-4ac3-b99d-cd62d2e9df4a;2025-09-20;Harian;Hadir;2025-09-20 08:16:08.785517+00;;9E;harian
bfce0fad-7806-4e30-ab19-11c2193ae412;4b5294cf-fe59-4486-9a8a-ffdb73511dee;935ef948-5f83-413b-85f5-ca6c7bb5119d;2025-09-20;PENDIDIKAN AGAMA ISLAM;Hadir;2025-09-20 08:16:33.841635+00;;7D;mapel
bfd82bd8-1a15-4fe3-b960-63a2722ad003;54d392b9-90d6-4e75-a65c-30312d14e4e6;bf881eef-91c7-4ac3-b99d-cd62d2e9df4a;2025-09-20;Harian;Hadir;2025-09-20 08:16:09.047038+00;;9E;harian
c03c6ad2-33fb-4426-bd62-c82bc48a20b0;8d154eeb-997e-4fc9-b4b6-e118a1fc9c78;1ebde390-aa49-41c1-bd3c-665f1662e80a;2025-09-20;BAHASA INGGRIS;Hadir;2025-09-20 08:13:12.598839+00;;7E;mapel
c1639082-92d0-4bfe-8cd3-8955d2c7131d;08853e9b-4179-4900-a270-0db96d998b72;1ebde390-aa49-41c1-bd3c-665f1662e80a;2025-09-20;BAHASA INGGRIS;Hadir;2025-09-20 08:11:49.262872+00;;7B;mapel
c1ffb4d6-6533-4f3e-9f22-589a31ca65b0;aa8500a6-f844-4428-9d06-17522487d6d9;1ebde390-aa49-41c1-bd3c-665f1662e80a;2025-09-20;BAHASA INGGRIS;Hadir;2025-09-20 08:12:59.805086+00;;7D;mapel
c2ad6229-6670-46c6-b7c4-c5f67036d4b6;0e6f8ba1-404c-4a29-ae1a-9f6c9fbbf779;1ebde390-aa49-41c1-bd3c-665f1662e80a;2025-09-20;BAHASA INGGRIS;Hadir;2025-09-20 08:12:03.357698+00;;7C;mapel
c34e80e5-d019-45ce-b351-355934c74fef;d1310281-715d-4cfd-9405-86a6cdf15b0f;1ebde390-aa49-41c1-bd3c-665f1662e80a;2025-09-20;BAHASA INGGRIS;Hadir;2025-09-20 08:12:59.371253+00;;7D;mapel
c3547296-4dea-45b3-a30b-3cab22d47319;0a033c10-4855-4e9e-bb62-70c334bc95ad;1ebde390-aa49-41c1-bd3c-665f1662e80a;2025-09-20;Harian;Hadir;2025-09-20 08:14:06.643443+00;;7F;harian
c35d1fd1-c159-4104-b59c-78682229d68a;df9c9625-01cd-4c34-a680-63dc077cbd15;1ebde390-aa49-41c1-bd3c-665f1662e80a;2025-09-20;BAHASA INGGRIS;Hadir;2025-09-20 08:11:34.367058+00;;7A;mapel
c3ae465f-b33c-4ae2-8b58-54443cc74120;d6964c8f-19e9-498e-b967-4a2f56a228c2;1ebde390-aa49-41c1-bd3c-665f1662e80a;2025-09-20;BAHASA INGGRIS;Hadir;2025-09-20 08:12:59.457812+00;;7D;mapel
c3e287ac-9e03-4388-bf11-84fdeb8a8540;7ebad58e-48a2-490c-88c3-91968db31228;935ef948-5f83-413b-85f5-ca6c7bb5119d;2025-09-20;PENDIDIKAN AGAMA ISLAM;Hadir;2025-09-20 08:16:33.757039+00;;7D;mapel
c3f2ffcb-a0a0-4f17-9854-0bcae01b6c46;1063caf2-e4c1-4a46-874f-104bee51a37d;1ebde390-aa49-41c1-bd3c-665f1662e80a;2025-09-20;BAHASA INGGRIS;Hadir;2025-09-20 08:12:59.551086+00;;7D;mapel
c4bda98e-b024-4dc1-bfee-15f6350502a2;087ae52f-6044-467b-bca6-05f12d1615a0;1ebde390-aa49-41c1-bd3c-665f1662e80a;2025-09-20;BAHASA INGGRIS;Hadir;2025-09-20 08:11:48.92048+00;;7B;mapel
c5e3f109-d7e7-4b26-854a-da1c89947d5f;1e1905af-b2ab-4663-ad82-00130e3e8925;bf881eef-91c7-4ac3-b99d-cd62d2e9df4a;2025-09-20;Harian;Hadir;2025-09-20 08:16:09.295244+00;;9E;harian
c61b4a7e-8e6d-47a9-a3a8-996129eaab87;1b7caa5a-dfb5-4059-8463-bc6d2beb71b8;1ebde390-aa49-41c1-bd3c-665f1662e80a;2025-09-20;BAHASA INGGRIS;Hadir;2025-09-20 08:11:48.92048+00;;7B;mapel
c7151c45-a4d4-4fa7-a193-39e22bf5e214;4baac62c-e83e-46d8-b96c-6ff52086cba8;1ebde390-aa49-41c1-bd3c-665f1662e80a;2025-09-20;BAHASA INGGRIS;Hadir;2025-09-20 08:13:24.879363+00;;7F;mapel
c79870e0-fb43-4e62-a173-90a9dab2c356;81e4e040-da06-4363-8071-5be8ba139151;1ebde390-aa49-41c1-bd3c-665f1662e80a;2025-09-20;BAHASA INGGRIS;Hadir;2025-09-20 08:11:48.836958+00;;7B;mapel
c8587ca5-504a-47dc-824d-377b34b9217a;70dff17a-cdff-4de5-bcf6-739f33b57ff2;1ebde390-aa49-41c1-bd3c-665f1662e80a;2025-09-20;Harian;Hadir;2025-09-20 08:14:06.422836+00;;7F;harian
c8b08f08-152b-413f-92e6-f5287f7f5ae5;095ec65c-ee10-4dab-874e-b088bedfe175;1ebde390-aa49-41c1-bd3c-665f1662e80a;2025-09-20;Harian;Hadir;2025-09-20 08:15:02.168479+00;;7F;harian
c90662a1-554b-4060-9442-b1235fe67b45;23066941-dcb3-4c80-a1f6-a9d9c7504923;1ebde390-aa49-41c1-bd3c-665f1662e80a;2025-09-20;Harian;Hadir;2025-09-20 08:15:02.168479+00;;7F;harian
caf74014-9749-44b5-acb7-d4ef01bc62f8;ffd3dc0b-a9ed-4975-b0bc-9a95724f31f8;1ebde390-aa49-41c1-bd3c-665f1662e80a;2025-09-20;BAHASA INGGRIS;Hadir;2025-09-20 08:13:24.962144+00;;7F;mapel
cb6fbb69-2542-42bc-a752-8d19012a5371;81f45f84-c778-4f97-9647-cf00d6400743;bf881eef-91c7-4ac3-b99d-cd62d2e9df4a;2025-09-20;Harian;Hadir;2025-09-20 08:16:08.870352+00;;9E;harian
cc3fb6c5-f00c-4218-b48e-44fc9f4b5c50;da95a1d2-7a26-4fb1-8c14-13990dcf1041;1ebde390-aa49-41c1-bd3c-665f1662e80a;2025-09-20;BAHASA INGGRIS;Hadir;2025-09-20 08:13:25.394194+00;;7F;mapel
cc51e2be-02ae-4f60-a9fd-a1a829693c8a;cdca22ea-94c2-4a5f-9035-e3d28fe5e0a5;1ebde390-aa49-41c1-bd3c-665f1662e80a;2025-09-20;BAHASA INGGRIS;Hadir;2025-09-20 08:13:12.519754+00;;7E;mapel
cd459f77-0b61-443a-b456-ce4cf1813561;f521008e-d41a-42b0-b963-f90ab76df9ac;1ebde390-aa49-41c1-bd3c-665f1662e80a;2025-09-20;Harian;Hadir;2025-09-20 08:14:06.422836+00;;7F;harian
cd51c3ae-c7bc-40ee-ab4f-bff919e14616;ca284250-b828-447e-876b-eaa0c7024c82;935ef948-5f83-413b-85f5-ca6c7bb5119d;2025-09-20;PENDIDIKAN AGAMA ISLAM;Hadir;2025-09-20 08:16:34.398006+00;;7D;mapel
cd9f9420-fe1f-4fe5-a1be-6012a62ef4bb;6d3f2391-12b9-46b5-9823-df08152018b0;bf881eef-91c7-4ac3-b99d-cd62d2e9df4a;2025-09-20;Harian;Hadir;2025-09-20 08:16:09.219007+00;;9E;harian
ce49457e-e034-430c-9ccb-4c3298aa1123;58b94808-89fb-4ec3-a11c-d5590bb57f29;1ebde390-aa49-41c1-bd3c-665f1662e80a;2025-09-20;BAHASA INGGRIS;Hadir;2025-09-20 08:11:34.828374+00;;7A;mapel
ce81d8ef-1fdf-4b00-9edb-8e870856fa89;bbaf91c7-5902-4736-8909-bde8c6338cd8;1ebde390-aa49-41c1-bd3c-665f1662e80a;2025-09-20;BAHASA INGGRIS;Hadir;2025-09-20 08:13:12.441863+00;;7E;mapel
cf1ed534-716e-4ec9-8d01-71ad64f7ee33;ffc64632-a0e6-4f8f-b358-b090c6215a1f;1ebde390-aa49-41c1-bd3c-665f1662e80a;2025-09-20;BAHASA INGGRIS;Hadir;2025-09-20 08:11:34.241135+00;;7A;mapel
cf3fafae-c611-4397-8202-c39ac3fbd78d;7b9e54b7-40f2-4899-a678-f8365842c352;935ef948-5f83-413b-85f5-ca6c7bb5119d;2025-09-20;PENDIDIKAN AGAMA ISLAM;Hadir;2025-09-20 08:16:34.398006+00;;7D;mapel
d04a3b63-83de-4a4d-b17f-66a9f0142afc;9e1cc296-14a7-470b-ba2a-7a43472ea390;935ef948-5f83-413b-85f5-ca6c7bb5119d;2025-09-20;PENDIDIKAN AGAMA ISLAM;Hadir;2025-09-20 08:16:34.304827+00;;7D;mapel
d2c788cb-0572-4136-9678-3e4474b7cb9b;c7eaf5f4-2e6d-4f0b-a477-2d12124e3f2f;1ebde390-aa49-41c1-bd3c-665f1662e80a;2025-09-20;BAHASA INGGRIS;Hadir;2025-09-20 08:11:48.426557+00;;7B;mapel
d3162a2a-b905-4550-ac0a-6326c5318fa6;1533759c-0e03-46e2-938d-e2b9e897bd82;1ebde390-aa49-41c1-bd3c-665f1662e80a;2025-09-20;BAHASA INGGRIS;Hadir;2025-09-20 08:13:12.519754+00;;7E;mapel
d35b9a3f-c016-41d2-90e2-ef58c7e1f86b;f1e715f2-8d4c-42d8-bb12-d44350f80349;1ebde390-aa49-41c1-bd3c-665f1662e80a;2025-09-20;BAHASA INGGRIS;Hadir;2025-09-20 08:13:12.324165+00;;7E;mapel
d3fdd9e4-e220-42cf-b816-4085bed86085;9e238679-0f47-4e7b-9fed-7d9ee41f2d4f;1ebde390-aa49-41c1-bd3c-665f1662e80a;2025-09-20;BAHASA INGGRIS;Hadir;2025-09-20 08:11:34.573635+00;;7A;mapel
d5d575a5-d9b4-4f08-985e-d60c7ae67571;ce2bf0bb-81e0-46a4-9128-53b8a2f90f5a;1ebde390-aa49-41c1-bd3c-665f1662e80a;2025-09-20;BAHASA INGGRIS;Hadir;2025-09-20 08:12:03.357698+00;;7C;mapel
d6649578-4b39-4a87-ae5c-129f365a4695;ca284250-b828-447e-876b-eaa0c7024c82;1ebde390-aa49-41c1-bd3c-665f1662e80a;2025-09-20;BAHASA INGGRIS;Hadir;2025-09-20 08:12:59.805086+00;;7D;mapel
d84336b8-e6a3-4cec-8cc6-23c3d75a41a0;e99e29a9-99bb-4e78-a99d-143905ddfb46;1ebde390-aa49-41c1-bd3c-665f1662e80a;2025-09-20;BAHASA INGGRIS;Hadir;2025-09-20 08:11:34.241135+00;;7A;mapel
d88af1d7-0ba1-4cfa-ae06-ff1975f2cb10;4520f474-fc53-4350-a9c6-fbe652c76f4b;1ebde390-aa49-41c1-bd3c-665f1662e80a;2025-09-20;BAHASA INGGRIS;Hadir;2025-09-20 08:11:33.965763+00;;7A;mapel
d8e894ab-f245-4390-b46c-d78c4f69347b;4d243b51-59be-472f-907b-858de4a70fa0;bf881eef-91c7-4ac3-b99d-cd62d2e9df4a;2025-09-20;Harian;Hadir;2025-09-20 08:16:08.785517+00;;9E;harian
d921cc00-0895-44b9-aa03-99716545ec37;14b9ce90-4029-44d4-b5f4-5537424491e6;1ebde390-aa49-41c1-bd3c-665f1662e80a;2025-09-20;BAHASA INGGRIS;Hadir;2025-09-20 08:13:24.879363+00;;7F;mapel
d9310877-2ce6-4598-b537-938fbb014bd9;04b52869-cb1d-48d8-a711-b44d71d9c0f0;1ebde390-aa49-41c1-bd3c-665f1662e80a;2025-09-20;Harian;Hadir;2025-09-20 08:15:02.168479+00;;7F;harian
d9de1933-b043-4730-8033-683fcd8ab783;d43aff53-87a9-4793-ba53-5de7899ad7eb;1ebde390-aa49-41c1-bd3c-665f1662e80a;2025-09-20;BAHASA INGGRIS;Hadir;2025-09-20 08:11:48.836958+00;;7B;mapel
da7167dc-1bf2-489a-9958-2cd105a5b5bb;73590169-17fc-46d7-a660-3afffd37906d;bf881eef-91c7-4ac3-b99d-cd62d2e9df4a;2025-09-20;Harian;Hadir;2025-09-20 08:16:09.219007+00;;9E;harian
da9873bd-b94b-40f3-8d5e-e7f63e4c742b;4c1ce1db-930f-489c-b645-bfd691a2321e;1ebde390-aa49-41c1-bd3c-665f1662e80a;2025-09-20;Harian;Hadir;2025-09-20 08:14:06.946711+00;;7F;harian
dbefbc7c-46a3-4e95-a1c7-4e7b195a14e6;146d4ba3-2dfb-4383-bace-e9da458b93aa;1ebde390-aa49-41c1-bd3c-665f1662e80a;2025-09-20;Harian;Hadir;2025-09-20 08:14:06.315818+00;;7F;harian
dc9e5015-c7e7-423a-8248-60911cc1ca90;ff8db1c8-2d68-4e93-a73c-765b4f60c91d;1ebde390-aa49-41c1-bd3c-665f1662e80a;2025-09-20;BAHASA INGGRIS;Hadir;2025-09-20 08:11:34.367058+00;;7A;mapel
dcfeb0e0-85d3-4e5b-97a7-3d6198b75219;1d5862ff-3e7a-4a39-bc3d-18e2de3b0b02;1ebde390-aa49-41c1-bd3c-665f1662e80a;2025-09-20;Harian;Hadir;2025-09-20 08:14:06.643443+00;;7F;harian
dd4bf267-a462-483f-8f89-77c5abdcc29e;ce54f977-9884-4351-9480-6f44657925e9;bf881eef-91c7-4ac3-b99d-cd62d2e9df4a;2025-09-20;Harian;Hadir;2025-09-20 08:16:09.131253+00;;9E;harian
dd4d7eac-c2ee-4c26-914d-df87ecc76a79;0aaaba80-0d98-43eb-99f8-96eb24659561;935ef948-5f83-413b-85f5-ca6c7bb5119d;2025-09-20;PENDIDIKAN AGAMA ISLAM;Hadir;2025-09-20 08:16:33.841635+00;;7D;mapel
ddfc081f-8d5c-4b70-b266-0b8685999faf;4c1ce1db-930f-489c-b645-bfd691a2321e;1ebde390-aa49-41c1-bd3c-665f1662e80a;2025-09-20;Harian;Hadir;2025-09-20 08:15:02.264874+00;;7F;harian
de9cdca4-3d69-4055-8d37-8d0ebb0c38dc;3e8bed0a-8709-43e4-bd0b-b76afefa0454;1ebde390-aa49-41c1-bd3c-665f1662e80a;2025-09-20;BAHASA INGGRIS;Hadir;2025-09-20 08:13:25.480382+00;;7F;mapel
e0140e62-8ace-4ca8-866e-6bf40e921978;fafbdaba-7ec9-40a5-bc6a-4ec9baf327fc;1ebde390-aa49-41c1-bd3c-665f1662e80a;2025-09-20;BAHASA INGGRIS;Hadir;2025-09-20 08:13:12.441863+00;;7E;mapel
e03a3d20-0a4a-46cf-b6fc-59f263124da4;5059e370-7cf8-4e5f-8901-b079afe3820c;bf881eef-91c7-4ac3-b99d-cd62d2e9df4a;2025-09-20;Harian;Hadir;2025-09-20 08:16:09.131253+00;;9E;harian
e195db6c-3dad-43e8-875f-102e70598924;416a853e-a372-474a-91c6-87b63d14bac5;1ebde390-aa49-41c1-bd3c-665f1662e80a;2025-09-20;Harian;Hadir;2025-09-20 08:14:06.839365+00;;7F;harian
e1d32b12-23f5-4015-a64a-1b17e6db41f5;eb845b25-148b-4e21-ad79-982843b92cc4;1ebde390-aa49-41c1-bd3c-665f1662e80a;2025-09-20;BAHASA INGGRIS;Hadir;2025-09-20 08:12:02.714236+00;;7C;mapel
e1f34262-4141-4f43-8714-f8cfdd618ac0;793efb07-5081-479e-abf0-2b89bcd3efa6;1ebde390-aa49-41c1-bd3c-665f1662e80a;2025-09-20;BAHASA INGGRIS;Hadir;2025-09-20 08:12:59.371253+00;;7D;mapel
e23374c4-9aaa-4e15-a11d-fb316c165be6;0acbe025-06ea-4c8e-b1a5-31598cfa20b3;1ebde390-aa49-41c1-bd3c-665f1662e80a;2025-09-20;BAHASA INGGRIS;Hadir;2025-09-20 08:11:34.092782+00;;7A;mapel
e297ca5b-c0d2-4c35-be5b-a13d2af895f7;300e2286-0fc1-40d7-8c15-5a8f96e2432e;1ebde390-aa49-41c1-bd3c-665f1662e80a;2025-09-20;BAHASA INGGRIS;Hadir;2025-09-20 08:12:59.724742+00;;7D;mapel
e3e4b111-f0af-44fa-bf71-c2e4b3aa7087;49f6d4a8-a742-4b1a-ab86-d0fda2147ffb;1ebde390-aa49-41c1-bd3c-665f1662e80a;2025-09-20;Harian;Hadir;2025-09-20 08:14:06.643443+00;;7F;harian
e3e72c83-b725-467e-a736-13ecaa34ad13;3517186b-206e-4064-97d6-d08671f240c8;935ef948-5f83-413b-85f5-ca6c7bb5119d;2025-09-20;PENDIDIKAN AGAMA ISLAM;Hadir;2025-09-20 08:16:34.210684+00;;7D;mapel
e41688ee-2669-4109-920c-0b5d1abf6271;13571893-9d57-48a4-9d9b-06f4be14ea69;1ebde390-aa49-41c1-bd3c-665f1662e80a;2025-09-20;BAHASA INGGRIS;Hadir;2025-09-20 08:12:59.457812+00;;7D;mapel
e4a398c7-4a11-47a2-92eb-9d2199037721;23e36fc1-26fc-46ce-a186-6b65705b7b7d;1ebde390-aa49-41c1-bd3c-665f1662e80a;2025-09-20;Harian;Hadir;2025-09-20 08:15:01.592068+00;;7F;harian
e55c25bf-bc37-40fd-aa6c-8e43cd6907ce;a6f13e17-5974-4d24-b0bb-00301dc13497;1ebde390-aa49-41c1-bd3c-665f1662e80a;2025-09-20;BAHASA INGGRIS;Hadir;2025-09-20 08:12:59.371253+00;;7D;mapel
e80cbda5-6bba-49d9-a1e0-c6f0dbdb9782;653c22a2-c4a2-43f0-99f8-c843eeec8068;1ebde390-aa49-41c1-bd3c-665f1662e80a;2025-09-20;BAHASA INGGRIS;Hadir;2025-09-20 08:12:03.237836+00;;7C;mapel
e956c981-470f-464e-91a2-6bd175831094;e956b72d-6396-4bf1-a512-cfebd63aa136;1ebde390-aa49-41c1-bd3c-665f1662e80a;2025-09-20;BAHASA INGGRIS;Hadir;2025-09-20 08:12:03.075113+00;;7C;mapel
e9bd45d5-d78d-441d-bfc9-d95036b7a367;d3fa65a8-847e-4896-992a-9c29f42c02f0;1ebde390-aa49-41c1-bd3c-665f1662e80a;2025-09-20;BAHASA INGGRIS;Hadir;2025-09-20 08:11:34.573635+00;;7A;mapel
e9dd249f-17ad-46f9-8d24-fec81aec384e;9184f543-7c54-4876-b545-4bd93db11790;1ebde390-aa49-41c1-bd3c-665f1662e80a;2025-09-20;BAHASA INGGRIS;Hadir;2025-09-20 08:12:03.075113+00;;7C;mapel
ea6a7651-b792-4a32-a304-87a8cb3971fc;04988b45-3047-4c03-993d-199cd7e87241;1ebde390-aa49-41c1-bd3c-665f1662e80a;2025-09-20;BAHASA INGGRIS;Hadir;2025-09-20 08:13:12.837968+00;;7E;mapel
ea80f7a8-44e1-48fe-88e3-cd6dff8ddf63;75754165-676f-4e06-a4b8-a61b20539012;1ebde390-aa49-41c1-bd3c-665f1662e80a;2025-09-20;BAHASA INGGRIS;Hadir;2025-09-20 08:11:34.573635+00;;7A;mapel
eb45819b-9743-452b-932c-193e12eaaec8;ba73ba56-5218-4763-a4b1-36d53a4d1b7a;1ebde390-aa49-41c1-bd3c-665f1662e80a;2025-09-20;Harian;Hadir;2025-09-20 08:14:06.531518+00;;7F;harian
eb45ee3e-5693-469c-bcb8-22b63715c309;1131532a-0d78-4da9-81ed-a2ccd0c446e5;1ebde390-aa49-41c1-bd3c-665f1662e80a;2025-09-20;Harian;Hadir;2025-09-20 08:14:06.643443+00;;7F;harian
eb82f4a3-c187-4da3-aae3-f4469266743f;900c6c5f-57c0-4c4a-ab89-3f0bcb07118a;935ef948-5f83-413b-85f5-ca6c7bb5119d;2025-09-20;PENDIDIKAN AGAMA ISLAM;Hadir;2025-09-20 08:16:33.757039+00;;7D;mapel
eb8cc8d4-2612-4ff6-96fa-223944025733;62ad84d3-9697-44a6-aaf0-623939f3d9b8;1ebde390-aa49-41c1-bd3c-665f1662e80a;2025-09-20;BAHASA INGGRIS;Hadir;2025-09-20 08:12:03.075113+00;;7C;mapel
ed05e809-056d-469d-99a9-c862c8ef5fb0;f26d6d32-b349-43bc-84a1-a53ccc6b202f;1ebde390-aa49-41c1-bd3c-665f1662e80a;2025-09-20;BAHASA INGGRIS;Hadir;2025-09-20 08:12:02.714236+00;;7C;mapel
ed777af6-49ad-4a06-83bd-0209f2b06967;bc00dd00-8c6c-4d81-afe2-d75cfb897749;1ebde390-aa49-41c1-bd3c-665f1662e80a;2025-09-20;BAHASA INGGRIS;Hadir;2025-09-20 08:11:34.739499+00;;7A;mapel
ee17fcdd-831e-4c4a-884a-798563ccd1ce;348168b2-5edd-4257-af72-2b8bddd216d6;1ebde390-aa49-41c1-bd3c-665f1662e80a;2025-09-20;Harian;Hadir;2025-09-20 08:15:02.087393+00;;7F;harian
ee23d114-67b5-43f0-907d-66cf5bcabfd8;04b52869-cb1d-48d8-a711-b44d71d9c0f0;1ebde390-aa49-41c1-bd3c-665f1662e80a;2025-09-20;Harian;Hadir;2025-09-20 08:14:06.839365+00;;7F;harian
ee762cc9-e7e4-4f29-b9ae-c9098083df59;a0cfc389-fa75-4eb8-8565-1ddfbb4bdc3a;1ebde390-aa49-41c1-bd3c-665f1662e80a;2025-09-20;BAHASA INGGRIS;Hadir;2025-09-20 08:13:25.128653+00;;7F;mapel
ef55f855-fa7f-44c2-a53b-51e0198c70fe;8b8ed6f3-d093-4f5d-a95a-a80253544336;1ebde390-aa49-41c1-bd3c-665f1662e80a;2025-09-20;BAHASA INGGRIS;Hadir;2025-09-20 08:12:59.551086+00;;7D;mapel
eff88a91-a7c0-408f-b08f-6f73fdce1799;4baac62c-e83e-46d8-b96c-6ff52086cba8;1ebde390-aa49-41c1-bd3c-665f1662e80a;2025-09-20;Harian;Hadir;2025-09-20 08:15:01.664294+00;;7F;harian
f01b75e1-cca3-4ce8-be3d-79a053621434;9f92d2d2-2fdf-447c-893d-a11c1b00c86c;1ebde390-aa49-41c1-bd3c-665f1662e80a;2025-09-20;BAHASA INGGRIS;Hadir;2025-09-20 08:13:12.324165+00;;7E;mapel
f0ee9f06-2646-4323-98a5-7fcff65e5a22;915cbfd1-c543-4283-9898-9d8975050453;1ebde390-aa49-41c1-bd3c-665f1662e80a;2025-09-20;BAHASA INGGRIS;Hadir;2025-09-20 08:13:12.598839+00;;7E;mapel
f14f5f83-ee82-4fcc-af95-f93562624b76;21044770-5ce1-472d-b881-80e527d2ea69;1ebde390-aa49-41c1-bd3c-665f1662e80a;2025-09-20;BAHASA INGGRIS;Hadir;2025-09-20 08:12:02.966016+00;;7C;mapel
f15ae183-ae04-4a8b-a79f-785a221b4717;655f1774-992b-4e5b-af05-29625fd22e3e;1ebde390-aa49-41c1-bd3c-665f1662e80a;2025-09-20;Harian;Hadir;2025-09-20 08:14:06.193279+00;;7F;harian
f17d95df-578d-4179-ac2f-a5ea0c8bd905;095ec65c-ee10-4dab-874e-b088bedfe175;1ebde390-aa49-41c1-bd3c-665f1662e80a;2025-09-20;BAHASA INGGRIS;Hadir;2025-09-20 08:13:25.394194+00;;7F;mapel
f2d1e195-df88-421b-80dd-c1127a99d85a;e9a0c33b-0838-40ba-bad4-47e61e7f777f;1ebde390-aa49-41c1-bd3c-665f1662e80a;2025-09-20;BAHASA INGGRIS;Hadir;2025-09-20 08:13:12.519754+00;;7E;mapel
f31080a1-a598-46e1-a807-6fe8af157438;12281cb2-3d3f-47c4-bc69-6588db277fa0;1ebde390-aa49-41c1-bd3c-665f1662e80a;2025-09-20;BAHASA INGGRIS;Hadir;2025-09-20 08:12:03.720777+00;;7C;mapel
f609a80e-749e-4ac0-a211-7c21c85f2ef5;8b8ed6f3-d093-4f5d-a95a-a80253544336;935ef948-5f83-413b-85f5-ca6c7bb5119d;2025-09-20;PENDIDIKAN AGAMA ISLAM;Hadir;2025-09-20 08:16:34.108994+00;;7D;mapel
f6c55777-8225-4635-9211-af93a79f6372;9db7b33a-c69c-47ae-8434-913c3631d42b;1ebde390-aa49-41c1-bd3c-665f1662e80a;2025-09-20;BAHASA INGGRIS;Hadir;2025-09-20 08:11:48.836958+00;;7B;mapel
f7dd6235-a1a1-4995-b6d8-999149fb62a2;b603093b-41d3-451c-957c-9218878cb320;1ebde390-aa49-41c1-bd3c-665f1662e80a;2025-09-20;BAHASA INGGRIS;Hadir;2025-09-20 08:11:48.733916+00;;7B;mapel
f8dc13c9-511d-4e22-86c3-4b8e416fdbcd;a9313856-4751-4ee1-9e10-35cd262986f6;1ebde390-aa49-41c1-bd3c-665f1662e80a;2025-09-20;BAHASA INGGRIS;Hadir;2025-09-20 08:13:12.917897+00;;7E;mapel
f9e01409-80f5-4332-9089-a365b47648da;1063caf2-e4c1-4a46-874f-104bee51a37d;935ef948-5f83-413b-85f5-ca6c7bb5119d;2025-09-20;PENDIDIKAN AGAMA ISLAM;Hadir;2025-09-20 08:16:34.108994+00;;7D;mapel
fa428acf-086e-43bf-a22d-2cf82b4fb9e7;3975c186-8241-4eeb-940e-5aacbcdaa4ff;1ebde390-aa49-41c1-bd3c-665f1662e80a;2025-09-20;BAHASA INGGRIS;Hadir;2025-09-20 08:12:59.551086+00;;7D;mapel
fa81b061-53f5-4a03-983c-4479e452a415;c518b462-82bf-4014-a589-03f2ce757bd5;1ebde390-aa49-41c1-bd3c-665f1662e80a;2025-09-20;BAHASA INGGRIS;Hadir;2025-09-20 08:13:24.793675+00;;7F;mapel
fb0324bc-8a31-4131-9675-062c262a39cd;70dff17a-cdff-4de5-bcf6-739f33b57ff2;1ebde390-aa49-41c1-bd3c-665f1662e80a;2025-09-20;Harian;Hadir;2025-09-20 08:15:01.838458+00;;7F;harian
fb7a1e78-5340-4325-bcbb-c00e26109d76;0aaaba80-0d98-43eb-99f8-96eb24659561;1ebde390-aa49-41c1-bd3c-665f1662e80a;2025-09-20;BAHASA INGGRIS;Hadir;2025-09-20 08:12:59.279071+00;;7D;mapel
fbe77e30-f21a-4d27-b875-1aec1013b49d;7ebad58e-48a2-490c-88c3-91968db31228;1ebde390-aa49-41c1-bd3c-665f1662e80a;2025-09-20;BAHASA INGGRIS;Hadir;2025-09-20 08:12:59.169922+00;;7D;mapel
fc00df0c-3e39-4b7b-8821-6f2a90a60159;510f133b-58ee-411c-90e3-d40d0fe24673;1ebde390-aa49-41c1-bd3c-665f1662e80a;2025-09-20;BAHASA INGGRIS;Hadir;2025-09-20 08:11:34.457064+00;;7A;mapel
fcb0464d-bb06-49d9-8311-4be11b8cf7bc;97145eb7-7663-457f-b7b7-5018afd1eb8c;1ebde390-aa49-41c1-bd3c-665f1662e80a;2025-09-20;BAHASA INGGRIS;Hadir;2025-09-20 08:12:02.835039+00;;7C;mapel
fd9700b8-38f7-45ca-b099-04f4ddb51780;cf13b6d8-164f-439e-ab42-50e328a7111d;1ebde390-aa49-41c1-bd3c-665f1662e80a;2025-09-20;BAHASA INGGRIS;Hadir;2025-09-20 08:13:12.837968+00;;7E;mapel
fdde0e9e-d9d9-480a-920d-647a6f34f859;13571893-9d57-48a4-9d9b-06f4be14ea69;935ef948-5f83-413b-85f5-ca6c7bb5119d;2025-09-20;PENDIDIKAN AGAMA ISLAM;Hadir;2025-09-20 08:16:34.031527+00;;7D;mapel
fe0add5d-f27e-4570-8791-4f46561edf5c;a8fb32da-599d-4af1-980c-2fc1c39a6cd0;1ebde390-aa49-41c1-bd3c-665f1662e80a;2025-09-20;BAHASA INGGRIS;Hadir;2025-09-20 08:13:25.480382+00;;7F;mapel
fe9f7cb5-c134-46d9-a363-312ef47aa12e;e576fe31-1f2f-4888-8475-874459d16dac;1ebde390-aa49-41c1-bd3c-665f1662e80a;2025-09-20;BAHASA INGGRIS;Hadir;2025-09-20 08:12:03.468298+00;;7C;mapel
feda6f8f-5fff-4f81-9d20-0007d76ed7b1;41adf861-95e2-4cb3-96f3-4c8dd2c00f87;1ebde390-aa49-41c1-bd3c-665f1662e80a;2025-09-20;BAHASA INGGRIS;Hadir;2025-09-20 08:12:02.966016+00;;7C;mapel
ffc6aafe-85de-48fc-846a-5cc5c708a2e7;659ef16b-e146-4a8b-b635-26dcac5313dd;1ebde390-aa49-41c1-bd3c-665f1662e80a;2025-09-20;BAHASA INGGRIS;Hadir;2025-09-20 08:11:48.733916+00;;7B;mapel
